[2026-09-29 09:09:38] local.ERROR: Database file at path [C:\xampp\htdocs\stage1-question2\database\database.sqlite] does not exist. Ensure this is an absolute path to the database. (Connection: sqlite, SQL: select exists (select 1 from sqlite_master where name = 'migrations' and type = 'table') as "exists") {"exception":"[object] (Illuminate\\Database\\QueryException(code: 0): Database file at path [C:\\xampp\\htdocs\\stage1-question2\\database\\database.sqlite] does not exist. Ensure this is an absolute path to the database. (Connection: sqlite, SQL: select exists (select 1 from sqlite_master where name = 'migrations' and type = 'table') as \"exists\") at C:/xampp/htdocs/stage1-question2/vendor/laravel/framework/src/Illuminate/Database/Connection.php:825)
[stacktrace]
#0 C:/xampp/htdocs/stage1-question2/vendor/laravel/framework/src/Illuminate/Database/Connection.php(779): Illuminate/Database/Connection->runQueryCallback()
#1 C:/xampp/htdocs/stage1-question2/vendor/laravel/framework/src/Illuminate/Database/Connection.php(398): Illuminate/Database/Connection->run()
#2 C:/xampp/htdocs/stage1-question2/vendor/laravel/framework/src/Illuminate/Database/Connection.php(344): Illuminate/Database/Connection->select()
#3 C:/xampp/htdocs/stage1-question2/vendor/laravel/framework/src/Illuminate/Database/Connection.php(361): Illuminate/Database/Connection->selectOne()
#4 C:/xampp/htdocs/stage1-question2/vendor/laravel/framework/src/Illuminate/Database/Schema/SQLiteBuilder.php(44): Illuminate/Database/Connection->scalar()
#5 C:/xampp/htdocs/stage1-question2/vendor/laravel/framework/src/Illuminate/Database/Migrations/DatabaseMigrationRepository.php(184): Illuminate/Database/Schema/SQLiteBuilder->hasTable()
#6 C:/xampp/htdocs/stage1-question2/vendor/laravel/framework/src/Illuminate/Database/Migrations/Migrator.php(742): Illuminate/Database/Migrations/DatabaseMigrationRepository->repositoryExists()
#7 C:/xampp/htdocs/stage1-question2/vendor/laravel/framework/src/Illuminate/Database/Console/Migrations/MigrateCommand.php(165): Illuminate/Database/Migrations/Migrator->repositoryExists()
#8 C:/xampp/htdocs/stage1-question2/vendor/laravel/framework/src/Illuminate/Support/helpers.php(338): Illuminate/Database/Console/Migrations/MigrateCommand->{closure:Illuminate/Database/Console/Migrations/MigrateCommand::repositoryExists():165}()
#9 C:/xampp/htdocs/stage1-question2/vendor/laravel/framework/src/Illuminate/Database/Console/Migrations/MigrateCommand.php(165): retry()
#10 C:/xampp/htdocs/stage1-question2/vendor/laravel/framework/src/Illuminate/Database/Console/Migrations/MigrateCommand.php(141): Illuminate/Database/Console/Migrations/MigrateCommand->repositoryExists()
#11 C:/xampp/htdocs/stage1-question2/vendor/laravel/framework/src/Illuminate/Database/Console/Migrations/MigrateCommand.php(111): Illuminate/Database/Console/Migrations/MigrateCommand->prepareDatabase()
#12 C:/xampp/htdocs/stage1-question2/vendor/laravel/framework/src/Illuminate/Database/Migrations/Migrator.php(658): Illuminate/Database/Console/Migrations/MigrateCommand->{closure:Illuminate/Database/Console/Migrations/MigrateCommand::runMigrations():110}()
#13 C:/xampp/htdocs/stage1-question2/vendor/laravel/framework/src/Illuminate/Database/Console/Migrations/MigrateCommand.php(110): Illuminate/Database/Migrations/Migrator->usingConnection()
#14 C:/xampp/htdocs/stage1-question2/vendor/laravel/framework/src/Illuminate/Database/Console/Migrations/MigrateCommand.php(89): Illuminate/Database/Console/Migrations/MigrateCommand->runMigrations()
#15 C:/xampp/htdocs/stage1-question2/vendor/laravel/framework/src/Illuminate/Container/BoundMethod.php(36): Illuminate/Database/Console/Migrations/MigrateCommand->handle()
#16 C:/xampp/htdocs/stage1-question2/vendor/laravel/framework/src/Illuminate/Container/Util.php(43): Illuminate/Container/BoundMethod::{closure:Illuminate/Container/BoundMethod::call():35}()
#17 C:/xampp/htdocs/stage1-question2/vendor/laravel/framework/src/Illuminate/Container/BoundMethod.php(95): Illuminate/Container/Util::unwrapIfClosure()
#18 C:/xampp/htdocs/stage1-question2/vendor/laravel/framework/src/Illuminate/Container/BoundMethod.php(35): Illuminate/Container/BoundMethod::callBoundMethod()
#19 C:/xampp/htdocs/stage1-question2/vendor/laravel/framework/src/Illuminate/Container/Container.php(696): Illuminate/Container/BoundMethod::call()
#20 C:/xampp/htdocs/stage1-question2/vendor/laravel/framework/src/Illuminate/Console/Command.php(213): Illuminate/Container/Container->call()
#21 C:/xampp/htdocs/stage1-question2/vendor/symfony/console/Command/Command.php(341): Illuminate/Console/Command->execute()
#22 C:/xampp/htdocs/stage1-question2/vendor/laravel/framework/src/Illuminate/Console/Command.php(182): Symfony/Component/Console/Command/Command->run()
#23 C:/xampp/htdocs/stage1-question2/vendor/laravel/framework/src/Illuminate/Console/Concerns/CallsCommands.php(68): Illuminate/Console/Command->run()
#24 C:/xampp/htdocs/stage1-question2/vendor/laravel/framework/src/Illuminate/Console/Concerns/CallsCommands.php(29): Illuminate/Console/Command->runCommand()
#25 C:/xampp/htdocs/stage1-question2/vendor/laravel/framework/src/Illuminate/Foundation/Console/ApiInstallCommand.php(80): Illuminate/Console/Command->call()
#26 C:/xampp/htdocs/stage1-question2/vendor/laravel/framework/src/Illuminate/Container/BoundMethod.php(36): Illuminate/Foundation/Console/ApiInstallCommand->handle()
#27 C:/xampp/htdocs/stage1-question2/vendor/laravel/framework/src/Illuminate/Container/Util.php(43): Illuminate/Container/BoundMethod::{closure:Illuminate/Container/BoundMethod::call():35}()
#28 C:/xampp/htdocs/stage1-question2/vendor/laravel/framework/src/Illuminate/Container/BoundMethod.php(95): Illuminate/Container/Util::unwrapIfClosure()
#29 C:/xampp/htdocs/stage1-question2/vendor/laravel/framework/src/Illuminate/Container/BoundMethod.php(35): Illuminate/Container/BoundMethod::callBoundMethod()
#30 C:/xampp/htdocs/stage1-question2/vendor/laravel/framework/src/Illuminate/Container/Container.php(696): Illuminate/Container/BoundMethod::call()
#31 C:/xampp/htdocs/stage1-question2/vendor/laravel/framework/src/Illuminate/Console/Command.php(213): Illuminate/Container/Container->call()
#32 C:/xampp/htdocs/stage1-question2/vendor/symfony/console/Command/Command.php(341): Illuminate/Console/Command->execute()
#33 C:/xampp/htdocs/stage1-question2/vendor/laravel/framework/src/Illuminate/Console/Command.php(182): Symfony/Component/Console/Command/Command->run()
#34 C:/xampp/htdocs/stage1-question2/vendor/symfony/console/Application.php(1117): Illuminate/Console/Command->run()
#35 C:/xampp/htdocs/stage1-question2/vendor/symfony/console/Application.php(356): Symfony/Component/Console/Application->doRunCommand()
#36 C:/xampp/htdocs/stage1-question2/vendor/symfony/console/Application.php(195): Symfony/Component/Console/Application->doRun()
#37 C:/xampp/htdocs/stage1-question2/vendor/laravel/framework/src/Illuminate/Foundation/Console/Kernel.php(198): Symfony/Component/Console/Application->run()
#38 C:/xampp/htdocs/stage1-question2/vendor/laravel/framework/src/Illuminate/Foundation/Application.php(1235): Illuminate/Foundation/Console/Kernel->handle()
#39 C:/xampp/htdocs/stage1-question2/artisan(13): Illuminate/Foundation/Application->handleCommand()
#40 {main}

[previous exception] [object] (Illuminate\\Database\\SQLiteDatabaseDoesNotExistException(code: 0): Database file at path [C:\\xampp\\htdocs\\stage1-question2\\database\\database.sqlite] does not exist. Ensure this is an absolute path to the database. at C:/xampp/htdocs/stage1-question2/vendor/laravel/framework/src/Illuminate/Database/Connectors/SQLiteConnector.php:37)
[stacktrace]
#0 C:/xampp/htdocs/stage1-question2/vendor/laravel/framework/src/Illuminate/Database/Connectors/ConnectionFactory.php(224): Illuminate/Database/Connectors/SQLiteConnector->connect()
#1 [internal function]: Illuminate/Database/Connectors/ConnectionFactory->{closure:Illuminate/Database/Connectors/ConnectionFactory::createPdoResolverWithoutHosts():224}()
#2 C:/xampp/htdocs/stage1-question2/vendor/laravel/framework/src/Illuminate/Database/Connection.php(1231): call_user_func()
#3 C:/xampp/htdocs/stage1-question2/vendor/laravel/framework/src/Illuminate/Database/Connection.php(1267): Illuminate/Database/Connection->getPdo()
#4 C:/xampp/htdocs/stage1-question2/vendor/laravel/framework/src/Illuminate/Database/Connection.php(512): Illuminate/Database/Connection->getReadPdo()
#5 C:/xampp/htdocs/stage1-question2/vendor/laravel/framework/src/Illuminate/Database/Connection.php(407): Illuminate/Database/Connection->getPdoForSelect()
#6 C:/xampp/htdocs/stage1-question2/vendor/laravel/framework/src/Illuminate/Database/Connection.php(812): Illuminate/Database/Connection->{closure:Illuminate/Database/Connection::select():398}()
#7 C:/xampp/htdocs/stage1-question2/vendor/laravel/framework/src/Illuminate/Database/Connection.php(779): Illuminate/Database/Connection->runQueryCallback()
#8 C:/xampp/htdocs/stage1-question2/vendor/laravel/framework/src/Illuminate/Database/Connection.php(398): Illuminate/Database/Connection->run()
#9 C:/xampp/htdocs/stage1-question2/vendor/laravel/framework/src/Illuminate/Database/Connection.php(344): Illuminate/Database/Connection->select()
#10 C:/xampp/htdocs/stage1-question2/vendor/laravel/framework/src/Illuminate/Database/Connection.php(361): Illuminate/Database/Connection->selectOne()
#11 C:/xampp/htdocs/stage1-question2/vendor/laravel/framework/src/Illuminate/Database/Schema/SQLiteBuilder.php(44): Illuminate/Database/Connection->scalar()
#12 C:/xampp/htdocs/stage1-question2/vendor/laravel/framework/src/Illuminate/Database/Migrations/DatabaseMigrationRepository.php(184): Illuminate/Database/Schema/SQLiteBuilder->hasTable()
#13 C:/xampp/htdocs/stage1-question2/vendor/laravel/framework/src/Illuminate/Database/Migrations/Migrator.php(742): Illuminate/Database/Migrations/DatabaseMigrationRepository->repositoryExists()
#14 C:/xampp/htdocs/stage1-question2/vendor/laravel/framework/src/Illuminate/Database/Console/Migrations/MigrateCommand.php(165): Illuminate/Database/Migrations/Migrator->repositoryExists()
#15 C:/xampp/htdocs/stage1-question2/vendor/laravel/framework/src/Illuminate/Support/helpers.php(338): Illuminate/Database/Console/Migrations/MigrateCommand->{closure:Illuminate/Database/Console/Migrations/MigrateCommand::repositoryExists():165}()
#16 C:/xampp/htdocs/stage1-question2/vendor/laravel/framework/src/Illuminate/Database/Console/Migrations/MigrateCommand.php(165): retry()
#17 C:/xampp/htdocs/stage1-question2/vendor/laravel/framework/src/Illuminate/Database/Console/Migrations/MigrateCommand.php(141): Illuminate/Database/Console/Migrations/MigrateCommand->repositoryExists()
#18 C:/xampp/htdocs/stage1-question2/vendor/laravel/framework/src/Illuminate/Database/Console/Migrations/MigrateCommand.php(111): Illuminate/Database/Console/Migrations/MigrateCommand->prepareDatabase()
#19 C:/xampp/htdocs/stage1-question2/vendor/laravel/framework/src/Illuminate/Database/Migrations/Migrator.php(658): Illuminate/Database/Console/Migrations/MigrateCommand->{closure:Illuminate/Database/Console/Migrations/MigrateCommand::runMigrations():110}()
#20 C:/xampp/htdocs/stage1-question2/vendor/laravel/framework/src/Illuminate/Database/Console/Migrations/MigrateCommand.php(110): Illuminate/Database/Migrations/Migrator->usingConnection()
#21 C:/xampp/htdocs/stage1-question2/vendor/laravel/framework/src/Illuminate/Database/Console/Migrations/MigrateCommand.php(89): Illuminate/Database/Console/Migrations/MigrateCommand->runMigrations()
#22 C:/xampp/htdocs/stage1-question2/vendor/laravel/framework/src/Illuminate/Container/BoundMethod.php(36): Illuminate/Database/Console/Migrations/MigrateCommand->handle()
#23 C:/xampp/htdocs/stage1-question2/vendor/laravel/framework/src/Illuminate/Container/Util.php(43): Illuminate/Container/BoundMethod::{closure:Illuminate/Container/BoundMethod::call():35}()
#24 C:/xampp/htdocs/stage1-question2/vendor/laravel/framework/src/Illuminate/Container/BoundMethod.php(95): Illuminate/Container/Util::unwrapIfClosure()
#25 C:/xampp/htdocs/stage1-question2/vendor/laravel/framework/src/Illuminate/Container/BoundMethod.php(35): Illuminate/Container/BoundMethod::callBoundMethod()
#26 C:/xampp/htdocs/stage1-question2/vendor/laravel/framework/src/Illuminate/Container/Container.php(696): Illuminate/Container/BoundMethod::call()
#27 C:/xampp/htdocs/stage1-question2/vendor/laravel/framework/src/Illuminate/Console/Command.php(213): Illuminate/Container/Container->call()
#28 C:/xampp/htdocs/stage1-question2/vendor/symfony/console/Command/Command.php(341): Illuminate/Console/Command->execute()
#29 C:/xampp/htdocs/stage1-question2/vendor/laravel/framework/src/Illuminate/Console/Command.php(182): Symfony/Component/Console/Command/Command->run()
#30 C:/xampp/htdocs/stage1-question2/vendor/laravel/framework/src/Illuminate/Console/Concerns/CallsCommands.php(68): Illuminate/Console/Command->run()
#31 C:/xampp/htdocs/stage1-question2/vendor/laravel/framework/src/Illuminate/Console/Concerns/CallsCommands.php(29): Illuminate/Console/Command->runCommand()
#32 C:/xampp/htdocs/stage1-question2/vendor/laravel/framework/src/Illuminate/Foundation/Console/ApiInstallCommand.php(80): Illuminate/Console/Command->call()
#33 C:/xampp/htdocs/stage1-question2/vendor/laravel/framework/src/Illuminate/Container/BoundMethod.php(36): Illuminate/Foundation/Console/ApiInstallCommand->handle()
#34 C:/xampp/htdocs/stage1-question2/vendor/laravel/framework/src/Illuminate/Container/Util.php(43): Illuminate/Container/BoundMethod::{closure:Illuminate/Container/BoundMethod::call():35}()
#35 C:/xampp/htdocs/stage1-question2/vendor/laravel/framework/src/Illuminate/Container/BoundMethod.php(95): Illuminate/Container/Util::unwrapIfClosure()
#36 C:/xampp/htdocs/stage1-question2/vendor/laravel/framework/src/Illuminate/Container/BoundMethod.php(35): Illuminate/Container/BoundMethod::callBoundMethod()
#37 C:/xampp/htdocs/stage1-question2/vendor/laravel/framework/src/Illuminate/Container/Container.php(696): Illuminate/Container/BoundMethod::call()
#38 C:/xampp/htdocs/stage1-question2/vendor/laravel/framework/src/Illuminate/Console/Command.php(213): Illuminate/Container/Container->call()
#39 C:/xampp/htdocs/stage1-question2/vendor/symfony/console/Command/Command.php(341): Illuminate/Console/Command->execute()
#40 C:/xampp/htdocs/stage1-question2/vendor/laravel/framework/src/Illuminate/Console/Command.php(182): Symfony/Component/Console/Command/Command->run()
#41 C:/xampp/htdocs/stage1-question2/vendor/symfony/console/Application.php(1117): Illuminate/Console/Command->run()
#42 C:/xampp/htdocs/stage1-question2/vendor/symfony/console/Application.php(356): Symfony/Component/Console/Application->doRunCommand()
#43 C:/xampp/htdocs/stage1-question2/vendor/symfony/console/Application.php(195): Symfony/Component/Console/Application->doRun()
#44 C:/xampp/htdocs/stage1-question2/vendor/laravel/framework/src/Illuminate/Foundation/Console/Kernel.php(198): Symfony/Component/Console/Application->run()
#45 C:/xampp/htdocs/stage1-question2/vendor/laravel/framework/src/Illuminate/Foundation/Application.php(1235): Illuminate/Foundation/Console/Kernel->handle()
#46 C:/xampp/htdocs/stage1-question2/artisan(13): Illuminate/Foundation/Application->handleCommand()
#47 {main}
"} 
[2026-09-29 09:11:32] testing.ERROR: No application encryption key has been specified. {"exception":"[object] (Illuminate\\Encryption\\MissingAppKeyException(code: 0): No application encryption key has been specified. at C:/xampp/htdocs/stage1-question2/vendor/laravel/framework/src/Illuminate/Encryption/EncryptionServiceProvider.php:83)
[stacktrace]
#0 C:/xampp/htdocs/stage1-question2/vendor/laravel/framework/src/Illuminate/Support/helpers.php(399): Illuminate/Encryption/EncryptionServiceProvider->{closure:Illuminate/Encryption/EncryptionServiceProvider::key():81}()
#1 C:/xampp/htdocs/stage1-question2/vendor/laravel/framework/src/Illuminate/Encryption/EncryptionServiceProvider.php(81): tap()
#2 C:/xampp/htdocs/stage1-question2/vendor/laravel/framework/src/Illuminate/Encryption/EncryptionServiceProvider.php(64): Illuminate/Encryption/EncryptionServiceProvider->key()
#3 C:/xampp/htdocs/stage1-question2/vendor/laravel/framework/src/Illuminate/Encryption/EncryptionServiceProvider.php(32): Illuminate/Encryption/EncryptionServiceProvider->parseKey()
#4 C:/xampp/htdocs/stage1-question2/vendor/laravel/framework/src/Illuminate/Container/Container.php(952): Illuminate/Encryption/EncryptionServiceProvider->{closure:Illuminate/Encryption/EncryptionServiceProvider::registerEncrypter():29}()
#5 C:/xampp/htdocs/stage1-question2/vendor/laravel/framework/src/Illuminate/Container/Container.php(832): Illuminate/Container/Container->build()
#6 C:/xampp/htdocs/stage1-question2/vendor/laravel/framework/src/Illuminate/Foundation/Application.php(1078): Illuminate/Container/Container->resolve()
#7 C:/xampp/htdocs/stage1-question2/vendor/laravel/framework/src/Illuminate/Container/Container.php(763): Illuminate/Foundation/Application->resolve()
#8 C:/xampp/htdocs/stage1-question2/vendor/laravel/framework/src/Illuminate/Foundation/Application.php(1058): Illuminate/Container/Container->make()
#9 C:/xampp/htdocs/stage1-question2/vendor/laravel/framework/src/Illuminate/Container/Container.php(1133): Illuminate/Foundation/Application->make()
#10 C:/xampp/htdocs/stage1-question2/vendor/laravel/framework/src/Illuminate/Container/Container.php(1043): Illuminate/Container/Container->resolveClass()
#11 C:/xampp/htdocs/stage1-question2/vendor/laravel/framework/src/Illuminate/Container/Container.php(994): Illuminate/Container/Container->resolveDependencies()
#12 C:/xampp/htdocs/stage1-question2/vendor/laravel/framework/src/Illuminate/Container/Container.php(832): Illuminate/Container/Container->build()
#13 C:/xampp/htdocs/stage1-question2/vendor/laravel/framework/src/Illuminate/Foundation/Application.php(1078): Illuminate/Container/Container->resolve()
#14 C:/xampp/htdocs/stage1-question2/vendor/laravel/framework/src/Illuminate/Container/Container.php(763): Illuminate/Foundation/Application->resolve()
#15 C:/xampp/htdocs/stage1-question2/vendor/laravel/framework/src/Illuminate/Foundation/Application.php(1058): Illuminate/Container/Container->make()
#16 C:/xampp/htdocs/stage1-question2/vendor/laravel/framework/src/Illuminate/Pipeline/Pipeline.php(198): Illuminate/Foundation/Application->make()
#17 C:/xampp/htdocs/stage1-question2/vendor/laravel/framework/src/Illuminate/Pipeline/Pipeline.php(127): Illuminate/Pipeline/Pipeline->{closure:{closure:Illuminate/Pipeline/Pipeline::carry():184}:185}()
#18 C:/xampp/htdocs/stage1-question2/vendor/laravel/framework/src/Illuminate/Routing/Router.php(807): Illuminate/Pipeline/Pipeline->then()
#19 C:/xampp/htdocs/stage1-question2/vendor/laravel/framework/src/Illuminate/Routing/Router.php(786): Illuminate/Routing/Router->runRouteWithinStack()
#20 C:/xampp/htdocs/stage1-question2/vendor/laravel/framework/src/Illuminate/Routing/Router.php(750): Illuminate/Routing/Router->runRoute()
#21 C:/xampp/htdocs/stage1-question2/vendor/laravel/framework/src/Illuminate/Routing/Router.php(739): Illuminate/Routing/Router->dispatchToRoute()
#22 C:/xampp/htdocs/stage1-question2/vendor/laravel/framework/src/Illuminate/Foundation/Http/Kernel.php(201): Illuminate/Routing/Router->dispatch()
#23 C:/xampp/htdocs/stage1-question2/vendor/laravel/framework/src/Illuminate/Pipeline/Pipeline.php(170): Illuminate/Foundation/Http/Kernel->{closure:Illuminate/Foundation/Http/Kernel::dispatchToRouter():198}()
#24 C:/xampp/htdocs/stage1-question2/vendor/laravel/framework/src/Illuminate/Foundation/Http/Middleware/TransformsRequest.php(21): Illuminate/Pipeline/Pipeline->{closure:Illuminate/Pipeline/Pipeline::prepareDestination():168}()
#25 C:/xampp/htdocs/stage1-question2/vendor/laravel/framework/src/Illuminate/Foundation/Http/Middleware/ConvertEmptyStringsToNull.php(31): Illuminate/Foundation/Http/Middleware/TransformsRequest->handle()
#26 C:/xampp/htdocs/stage1-question2/vendor/laravel/framework/src/Illuminate/Pipeline/Pipeline.php(209): Illuminate/Foundation/Http/Middleware/ConvertEmptyStringsToNull->handle()
#27 C:/xampp/htdocs/stage1-question2/vendor/laravel/framework/src/Illuminate/Foundation/Http/Middleware/TransformsRequest.php(21): Illuminate/Pipeline/Pipeline->{closure:{closure:Illuminate/Pipeline/Pipeline::carry():184}:185}()
#28 C:/xampp/htdocs/stage1-question2/vendor/laravel/framework/src/Illuminate/Foundation/Http/Middleware/TrimStrings.php(51): Illuminate/Foundation/Http/Middleware/TransformsRequest->handle()
#29 C:/xampp/htdocs/stage1-question2/vendor/laravel/framework/src/Illuminate/Pipeline/Pipeline.php(209): Illuminate/Foundation/Http/Middleware/TrimStrings->handle()
#30 C:/xampp/htdocs/stage1-question2/vendor/laravel/framework/src/Illuminate/Http/Middleware/ValidatePostSize.php(27): Illuminate/Pipeline/Pipeline->{closure:{closure:Illuminate/Pipeline/Pipeline::carry():184}:185}()
#31 C:/xampp/htdocs/stage1-question2/vendor/laravel/framework/src/Illuminate/Pipeline/Pipeline.php(209): Illuminate/Http/Middleware/ValidatePostSize->handle()
#32 C:/xampp/htdocs/stage1-question2/vendor/laravel/framework/src/Illuminate/Foundation/Http/Middleware/PreventRequestsDuringMaintenance.php(110): Illuminate/Pipeline/Pipeline->{closure:{closure:Illuminate/Pipeline/Pipeline::carry():184}:185}()
#33 C:/xampp/htdocs/stage1-question2/vendor/laravel/framework/src/Illuminate/Pipeline/Pipeline.php(209): Illuminate/Foundation/Http/Middleware/PreventRequestsDuringMaintenance->handle()
#34 C:/xampp/htdocs/stage1-question2/vendor/laravel/framework/src/Illuminate/Http/Middleware/HandleCors.php(49): Illuminate/Pipeline/Pipeline->{closure:{closure:Illuminate/Pipeline/Pipeline::carry():184}:185}()
#35 C:/xampp/htdocs/stage1-question2/vendor/laravel/framework/src/Illuminate/Pipeline/Pipeline.php(209): Illuminate/Http/Middleware/HandleCors->handle()
#36 C:/xampp/htdocs/stage1-question2/vendor/laravel/framework/src/Illuminate/Http/Middleware/TrustProxies.php(58): Illuminate/Pipeline/Pipeline->{closure:{closure:Illuminate/Pipeline/Pipeline::carry():184}:185}()
#37 C:/xampp/htdocs/stage1-question2/vendor/laravel/framework/src/Illuminate/Pipeline/Pipeline.php(209): Illuminate/Http/Middleware/TrustProxies->handle()
#38 C:/xampp/htdocs/stage1-question2/vendor/laravel/framework/src/Illuminate/Foundation/Http/Middleware/InvokeDeferredCallbacks.php(22): Illuminate/Pipeline/Pipeline->{closure:{closure:Illuminate/Pipeline/Pipeline::carry():184}:185}()
#39 C:/xampp/htdocs/stage1-question2/vendor/laravel/framework/src/Illuminate/Pipeline/Pipeline.php(209): Illuminate/Foundation/Http/Middleware/InvokeDeferredCallbacks->handle()
#40 C:/xampp/htdocs/stage1-question2/vendor/laravel/framework/src/Illuminate/Pipeline/Pipeline.php(127): Illuminate/Pipeline/Pipeline->{closure:{closure:Illuminate/Pipeline/Pipeline::carry():184}:185}()
#41 C:/xampp/htdocs/stage1-question2/vendor/laravel/framework/src/Illuminate/Foundation/Http/Kernel.php(176): Illuminate/Pipeline/Pipeline->then()
#42 C:/xampp/htdocs/stage1-question2/vendor/laravel/framework/src/Illuminate/Foundation/Http/Kernel.php(145): Illuminate/Foundation/Http/Kernel->sendRequestThroughRouter()
#43 C:/xampp/htdocs/stage1-question2/vendor/laravel/framework/src/Illuminate/Foundation/Testing/Concerns/MakesHttpRequests.php(607): Illuminate/Foundation/Http/Kernel->handle()
#44 C:/xampp/htdocs/stage1-question2/vendor/laravel/framework/src/Illuminate/Foundation/Testing/Concerns/MakesHttpRequests.php(368): Illuminate/Foundation/Testing/TestCase->call()
#45 C:/xampp/htdocs/stage1-question2/tests/Feature/ExampleTest.php(15): Illuminate/Foundation/Testing/TestCase->get()
#46 C:/xampp/htdocs/stage1-question2/vendor/phpunit/phpunit/src/Framework/TestCase.php(1548): Tests/Feature/ExampleTest->test_the_application_returns_a_successful_response()
#47 C:/xampp/htdocs/stage1-question2/vendor/phpunit/phpunit/src/Framework/TestCase.php(686): PHPUnit/Framework/TestCase->runTest()
#48 C:/xampp/htdocs/stage1-question2/vendor/phpunit/phpunit/src/Framework/TestRunner.php(106): PHPUnit/Framework/TestCase->runBare()
#49 C:/xampp/htdocs/stage1-question2/vendor/phpunit/phpunit/src/Framework/TestCase.php(516): PHPUnit/Framework/TestRunner->run()
#50 C:/xampp/htdocs/stage1-question2/vendor/phpunit/phpunit/src/Framework/TestSuite.php(374): PHPUnit/Framework/TestCase->run()
#51 C:/xampp/htdocs/stage1-question2/vendor/phpunit/phpunit/src/Framework/TestSuite.php(374): PHPUnit/Framework/TestSuite->run()
#52 C:/xampp/htdocs/stage1-question2/vendor/phpunit/phpunit/src/Framework/TestSuite.php(374): PHPUnit/Framework/TestSuite->run()
#53 C:/xampp/htdocs/stage1-question2/vendor/phpunit/phpunit/src/TextUI/TestRunner.php(64): PHPUnit/Framework/TestSuite->run()
#54 C:/xampp/htdocs/stage1-question2/vendor/phpunit/phpunit/src/TextUI/Application.php(204): PHPUnit/TextUI/TestRunner->run()
#55 C:/xampp/htdocs/stage1-question2/vendor/phpunit/phpunit/phpunit(104): PHPUnit/TextUI/Application->run()
#56 {main}
"} 
[2026-09-29 09:14:51] local.ERROR: SQLSTATE[23000]: Integrity constraint violation: 19 UNIQUE constraint failed: users.email (Connection: sqlite, SQL: insert into "users" ("name", "email", "email_verified_at", "password", "remember_token", "updated_at", "created_at") values (Inventory Admin, inventory@example.com, 2026-09-29 09:14:51, $2y$12$YzYYOFMPm6sKyiCWODKeUeu02wNfNi/lIrRyUHqtDNksIr5pW3nzW, g6ehlvcp5c, 2026-09-29 09:14:51, 2026-09-29 09:14:51)) {"exception":"[object] (Illuminate\\Database\\UniqueConstraintViolationException(code: 23000): SQLSTATE[23000]: Integrity constraint violation: 19 UNIQUE constraint failed: users.email (Connection: sqlite, SQL: insert into \"users\" (\"name\", \"email\", \"email_verified_at\", \"password\", \"remember_token\", \"updated_at\", \"created_at\") values (Inventory Admin, inventory@example.com, 2026-09-29 09:14:51, $2y$12$YzYYOFMPm6sKyiCWODKeUeu02wNfNi/lIrRyUHqtDNksIr5pW3nzW, g6ehlvcp5c, 2026-09-29 09:14:51, 2026-09-29 09:14:51)) at C:/xampp/htdocs/stage1-question2/vendor/laravel/framework/src/Illuminate/Database/Connection.php:820)
[stacktrace]
#0 C:/xampp/htdocs/stage1-question2/vendor/laravel/framework/src/Illuminate/Database/Connection.php(779): Illuminate/Database/Connection->runQueryCallback()
#1 C:/xampp/htdocs/stage1-question2/vendor/laravel/framework/src/Illuminate/Database/Connection.php(560): Illuminate/Database/Connection->run()
#2 C:/xampp/htdocs/stage1-question2/vendor/laravel/framework/src/Illuminate/Database/Connection.php(524): Illuminate/Database/Connection->statement()
#3 C:/xampp/htdocs/stage1-question2/vendor/laravel/framework/src/Illuminate/Database/Query/Processors/Processor.php(32): Illuminate/Database/Connection->insert()
#4 C:/xampp/htdocs/stage1-question2/vendor/laravel/framework/src/Illuminate/Database/Query/Builder.php(3766): Illuminate/Database/Query/Processors/Processor->processInsertGetId()
#5 C:/xampp/htdocs/stage1-question2/vendor/laravel/framework/src/Illuminate/Database/Eloquent/Builder.php(2120): Illuminate/Database/Query/Builder->insertGetId()
#6 C:/xampp/htdocs/stage1-question2/vendor/laravel/framework/src/Illuminate/Database/Eloquent/Model.php(1359): Illuminate/Database/Eloquent/Builder->__call()
#7 C:/xampp/htdocs/stage1-question2/vendor/laravel/framework/src/Illuminate/Database/Eloquent/Model.php(1324): Illuminate/Database/Eloquent/Model->insertAndSetId()
#8 C:/xampp/htdocs/stage1-question2/vendor/laravel/framework/src/Illuminate/Database/Eloquent/Model.php(1163): Illuminate/Database/Eloquent/Model->performInsert()
#9 C:/xampp/htdocs/stage1-question2/vendor/laravel/framework/src/Illuminate/Database/Eloquent/Factories/Factory.php(352): Illuminate/Database/Eloquent/Model->save()
#10 C:/xampp/htdocs/stage1-question2/vendor/laravel/framework/src/Illuminate/Collections/Traits/EnumeratesValues.php(261): Illuminate/Database/Eloquent/Factories/Factory->{closure:Illuminate/Database/Eloquent/Factories/Factory::store():347}()
#11 C:/xampp/htdocs/stage1-question2/vendor/laravel/framework/src/Illuminate/Database/Eloquent/Factories/Factory.php(347): Illuminate/Support/Collection->each()
#12 C:/xampp/htdocs/stage1-question2/vendor/laravel/framework/src/Illuminate/Database/Eloquent/Factories/Factory.php(303): Illuminate/Database/Eloquent/Factories/Factory->store()
#13 C:/xampp/htdocs/stage1-question2/vendor/laravel/framework/src/Illuminate/Database/Eloquent/Factories/Factory.php(297): Illuminate/Database/Eloquent/Factories/Factory->create()
#14 C:/xampp/htdocs/stage1-question2/database/seeders/DatabaseSeeder.php(19): Illuminate/Database/Eloquent/Factories/Factory->create()
#15 C:/xampp/htdocs/stage1-question2/vendor/laravel/framework/src/Illuminate/Container/BoundMethod.php(36): Database/Seeders/DatabaseSeeder->run()
#16 C:/xampp/htdocs/stage1-question2/vendor/laravel/framework/src/Illuminate/Container/Util.php(43): Illuminate/Container/BoundMethod::{closure:Illuminate/Container/BoundMethod::call():35}()
#17 C:/xampp/htdocs/stage1-question2/vendor/laravel/framework/src/Illuminate/Container/BoundMethod.php(95): Illuminate/Container/Util::unwrapIfClosure()
#18 C:/xampp/htdocs/stage1-question2/vendor/laravel/framework/src/Illuminate/Container/BoundMethod.php(35): Illuminate/Container/BoundMethod::callBoundMethod()
#19 C:/xampp/htdocs/stage1-question2/vendor/laravel/framework/src/Illuminate/Container/Container.php(696): Illuminate/Container/BoundMethod::call()
#20 C:/xampp/htdocs/stage1-question2/vendor/laravel/framework/src/Illuminate/Database/Seeder.php(188): Illuminate/Container/Container->call()
#21 C:/xampp/htdocs/stage1-question2/vendor/laravel/framework/src/Illuminate/Database/Seeder.php(197): Illuminate/Database/Seeder->{closure:Illuminate/Database/Seeder::__invoke():187}()
#22 C:/xampp/htdocs/stage1-question2/vendor/laravel/framework/src/Illuminate/Database/Console/Seeds/SeedCommand.php(70): Illuminate/Database/Seeder->__invoke()
#23 C:/xampp/htdocs/stage1-question2/vendor/laravel/framework/src/Illuminate/Database/Eloquent/Concerns/GuardsAttributes.php(155): Illuminate/Database/Console/Seeds/SeedCommand->{closure:Illuminate/Database/Console/Seeds/SeedCommand::handle():69}()
#24 C:/xampp/htdocs/stage1-question2/vendor/laravel/framework/src/Illuminate/Database/Console/Seeds/SeedCommand.php(69): Illuminate/Database/Eloquent/Model::unguarded()
#25 C:/xampp/htdocs/stage1-question2/vendor/laravel/framework/src/Illuminate/Container/BoundMethod.php(36): Illuminate/Database/Console/Seeds/SeedCommand->handle()
#26 C:/xampp/htdocs/stage1-question2/vendor/laravel/framework/src/Illuminate/Container/Util.php(43): Illuminate/Container/BoundMethod::{closure:Illuminate/Container/BoundMethod::call():35}()
#27 C:/xampp/htdocs/stage1-question2/vendor/laravel/framework/src/Illuminate/Container/BoundMethod.php(95): Illuminate/Container/Util::unwrapIfClosure()
#28 C:/xampp/htdocs/stage1-question2/vendor/laravel/framework/src/Illuminate/Container/BoundMethod.php(35): Illuminate/Container/BoundMethod::callBoundMethod()
#29 C:/xampp/htdocs/stage1-question2/vendor/laravel/framework/src/Illuminate/Container/Container.php(696): Illuminate/Container/BoundMethod::call()
#30 C:/xampp/htdocs/stage1-question2/vendor/laravel/framework/src/Illuminate/Console/Command.php(213): Illuminate/Container/Container->call()
#31 C:/xampp/htdocs/stage1-question2/vendor/symfony/console/Command/Command.php(341): Illuminate/Console/Command->execute()
#32 C:/xampp/htdocs/stage1-question2/vendor/laravel/framework/src/Illuminate/Console/Command.php(182): Symfony/Component/Console/Command/Command->run()
#33 C:/xampp/htdocs/stage1-question2/vendor/symfony/console/Application.php(1117): Illuminate/Console/Command->run()
#34 C:/xampp/htdocs/stage1-question2/vendor/symfony/console/Application.php(356): Symfony/Component/Console/Application->doRunCommand()
#35 C:/xampp/htdocs/stage1-question2/vendor/symfony/console/Application.php(195): Symfony/Component/Console/Application->doRun()
#36 C:/xampp/htdocs/stage1-question2/vendor/laravel/framework/src/Illuminate/Foundation/Console/Kernel.php(198): Symfony/Component/Console/Application->run()
#37 C:/xampp/htdocs/stage1-question2/vendor/laravel/framework/src/Illuminate/Foundation/Application.php(1235): Illuminate/Foundation/Console/Kernel->handle()
#38 C:/xampp/htdocs/stage1-question2/artisan(13): Illuminate/Foundation/Application->handleCommand()
#39 {main}

[previous exception] [object] (PDOException(code: 23000): SQLSTATE[23000]: Integrity constraint violation: 19 UNIQUE constraint failed: users.email at C:/xampp/htdocs/stage1-question2/vendor/laravel/framework/src/Illuminate/Database/Connection.php:571)
[stacktrace]
#0 C:/xampp/htdocs/stage1-question2/vendor/laravel/framework/src/Illuminate/Database/Connection.php(571): PDOStatement->execute()
#1 C:/xampp/htdocs/stage1-question2/vendor/laravel/framework/src/Illuminate/Database/Connection.php(812): Illuminate/Database/Connection->{closure:Illuminate/Database/Connection::statement():560}()
#2 C:/xampp/htdocs/stage1-question2/vendor/laravel/framework/src/Illuminate/Database/Connection.php(779): Illuminate/Database/Connection->runQueryCallback()
#3 C:/xampp/htdocs/stage1-question2/vendor/laravel/framework/src/Illuminate/Database/Connection.php(560): Illuminate/Database/Connection->run()
#4 C:/xampp/htdocs/stage1-question2/vendor/laravel/framework/src/Illuminate/Database/Connection.php(524): Illuminate/Database/Connection->statement()
#5 C:/xampp/htdocs/stage1-question2/vendor/laravel/framework/src/Illuminate/Database/Query/Processors/Processor.php(32): Illuminate/Database/Connection->insert()
#6 C:/xampp/htdocs/stage1-question2/vendor/laravel/framework/src/Illuminate/Database/Query/Builder.php(3766): Illuminate/Database/Query/Processors/Processor->processInsertGetId()
#7 C:/xampp/htdocs/stage1-question2/vendor/laravel/framework/src/Illuminate/Database/Eloquent/Builder.php(2120): Illuminate/Database/Query/Builder->insertGetId()
#8 C:/xampp/htdocs/stage1-question2/vendor/laravel/framework/src/Illuminate/Database/Eloquent/Model.php(1359): Illuminate/Database/Eloquent/Builder->__call()
#9 C:/xampp/htdocs/stage1-question2/vendor/laravel/framework/src/Illuminate/Database/Eloquent/Model.php(1324): Illuminate/Database/Eloquent/Model->insertAndSetId()
#10 C:/xampp/htdocs/stage1-question2/vendor/laravel/framework/src/Illuminate/Database/Eloquent/Model.php(1163): Illuminate/Database/Eloquent/Model->performInsert()
#11 C:/xampp/htdocs/stage1-question2/vendor/laravel/framework/src/Illuminate/Database/Eloquent/Factories/Factory.php(352): Illuminate/Database/Eloquent/Model->save()
#12 C:/xampp/htdocs/stage1-question2/vendor/laravel/framework/src/Illuminate/Collections/Traits/EnumeratesValues.php(261): Illuminate/Database/Eloquent/Factories/Factory->{closure:Illuminate/Database/Eloquent/Factories/Factory::store():347}()
#13 C:/xampp/htdocs/stage1-question2/vendor/laravel/framework/src/Illuminate/Database/Eloquent/Factories/Factory.php(347): Illuminate/Support/Collection->each()
#14 C:/xampp/htdocs/stage1-question2/vendor/laravel/framework/src/Illuminate/Database/Eloquent/Factories/Factory.php(303): Illuminate/Database/Eloquent/Factories/Factory->store()
#15 C:/xampp/htdocs/stage1-question2/vendor/laravel/framework/src/Illuminate/Database/Eloquent/Factories/Factory.php(297): Illuminate/Database/Eloquent/Factories/Factory->create()
#16 C:/xampp/htdocs/stage1-question2/database/seeders/DatabaseSeeder.php(19): Illuminate/Database/Eloquent/Factories/Factory->create()
#17 C:/xampp/htdocs/stage1-question2/vendor/laravel/framework/src/Illuminate/Container/BoundMethod.php(36): Database/Seeders/DatabaseSeeder->run()
#18 C:/xampp/htdocs/stage1-question2/vendor/laravel/framework/src/Illuminate/Container/Util.php(43): Illuminate/Container/BoundMethod::{closure:Illuminate/Container/BoundMethod::call():35}()
#19 C:/xampp/htdocs/stage1-question2/vendor/laravel/framework/src/Illuminate/Container/BoundMethod.php(95): Illuminate/Container/Util::unwrapIfClosure()
#20 C:/xampp/htdocs/stage1-question2/vendor/laravel/framework/src/Illuminate/Container/BoundMethod.php(35): Illuminate/Container/BoundMethod::callBoundMethod()
#21 C:/xampp/htdocs/stage1-question2/vendor/laravel/framework/src/Illuminate/Container/Container.php(696): Illuminate/Container/BoundMethod::call()
#22 C:/xampp/htdocs/stage1-question2/vendor/laravel/framework/src/Illuminate/Database/Seeder.php(188): Illuminate/Container/Container->call()
#23 C:/xampp/htdocs/stage1-question2/vendor/laravel/framework/src/Illuminate/Database/Seeder.php(197): Illuminate/Database/Seeder->{closure:Illuminate/Database/Seeder::__invoke():187}()
#24 C:/xampp/htdocs/stage1-question2/vendor/laravel/framework/src/Illuminate/Database/Console/Seeds/SeedCommand.php(70): Illuminate/Database/Seeder->__invoke()
#25 C:/xampp/htdocs/stage1-question2/vendor/laravel/framework/src/Illuminate/Database/Eloquent/Concerns/GuardsAttributes.php(155): Illuminate/Database/Console/Seeds/SeedCommand->{closure:Illuminate/Database/Console/Seeds/SeedCommand::handle():69}()
#26 C:/xampp/htdocs/stage1-question2/vendor/laravel/framework/src/Illuminate/Database/Console/Seeds/SeedCommand.php(69): Illuminate/Database/Eloquent/Model::unguarded()
#27 C:/xampp/htdocs/stage1-question2/vendor/laravel/framework/src/Illuminate/Container/BoundMethod.php(36): Illuminate/Database/Console/Seeds/SeedCommand->handle()
#28 C:/xampp/htdocs/stage1-question2/vendor/laravel/framework/src/Illuminate/Container/Util.php(43): Illuminate/Container/BoundMethod::{closure:Illuminate/Container/BoundMethod::call():35}()
#29 C:/xampp/htdocs/stage1-question2/vendor/laravel/framework/src/Illuminate/Container/BoundMethod.php(95): Illuminate/Container/Util::unwrapIfClosure()
#30 C:/xampp/htdocs/stage1-question2/vendor/laravel/framework/src/Illuminate/Container/BoundMethod.php(35): Illuminate/Container/BoundMethod::callBoundMethod()
#31 C:/xampp/htdocs/stage1-question2/vendor/laravel/framework/src/Illuminate/Container/Container.php(696): Illuminate/Container/BoundMethod::call()
#32 C:/xampp/htdocs/stage1-question2/vendor/laravel/framework/src/Illuminate/Console/Command.php(213): Illuminate/Container/Container->call()
#33 C:/xampp/htdocs/stage1-question2/vendor/symfony/console/Command/Command.php(341): Illuminate/Console/Command->execute()
#34 C:/xampp/htdocs/stage1-question2/vendor/laravel/framework/src/Illuminate/Console/Command.php(182): Symfony/Component/Console/Command/Command->run()
#35 C:/xampp/htdocs/stage1-question2/vendor/symfony/console/Application.php(1117): Illuminate/Console/Command->run()
#36 C:/xampp/htdocs/stage1-question2/vendor/symfony/console/Application.php(356): Symfony/Component/Console/Application->doRunCommand()
#37 C:/xampp/htdocs/stage1-question2/vendor/symfony/console/Application.php(195): Symfony/Component/Console/Application->doRun()
#38 C:/xampp/htdocs/stage1-question2/vendor/laravel/framework/src/Illuminate/Foundation/Console/Kernel.php(198): Symfony/Component/Console/Application->run()
#39 C:/xampp/htdocs/stage1-question2/vendor/laravel/framework/src/Illuminate/Foundation/Application.php(1235): Illuminate/Foundation/Console/Kernel->handle()
#40 C:/xampp/htdocs/stage1-question2/artisan(13): Illuminate/Foundation/Application->handleCommand()
#41 {main}
"} 
[2026-09-29 09:21:31] local.ERROR: SQLSTATE[HY000] [1049] Unknown database 'laravel' (Connection: mysql, SQL: select exists (select 1 from information_schema.tables where table_schema = 'laravel' and table_name = 'migrations' and table_type in ('BASE TABLE', 'SYSTEM VERSIONED')) as `exists`) {"exception":"[object] (Illuminate\\Database\\QueryException(code: 1049): SQLSTATE[HY000] [1049] Unknown database 'laravel' (Connection: mysql, SQL: select exists (select 1 from information_schema.tables where table_schema = 'laravel' and table_name = 'migrations' and table_type in ('BASE TABLE', 'SYSTEM VERSIONED')) as `exists`) at C:/xampp/htdocs/stage1-question2/vendor/laravel/framework/src/Illuminate/Database/Connection.php:825)
[stacktrace]
#0 C:/xampp/htdocs/stage1-question2/vendor/laravel/framework/src/Illuminate/Database/Connection.php(779): Illuminate/Database/Connection->runQueryCallback()
#1 C:/xampp/htdocs/stage1-question2/vendor/laravel/framework/src/Illuminate/Database/Connection.php(398): Illuminate/Database/Connection->run()
#2 C:/xampp/htdocs/stage1-question2/vendor/laravel/framework/src/Illuminate/Database/Connection.php(344): Illuminate/Database/Connection->select()
#3 C:/xampp/htdocs/stage1-question2/vendor/laravel/framework/src/Illuminate/Database/Connection.php(361): Illuminate/Database/Connection->selectOne()
#4 C:/xampp/htdocs/stage1-question2/vendor/laravel/framework/src/Illuminate/Database/Schema/MySqlBuilder.php(45): Illuminate/Database/Connection->scalar()
#5 C:/xampp/htdocs/stage1-question2/vendor/laravel/framework/src/Illuminate/Database/Migrations/DatabaseMigrationRepository.php(184): Illuminate/Database/Schema/MySqlBuilder->hasTable()
#6 C:/xampp/htdocs/stage1-question2/vendor/laravel/framework/src/Illuminate/Database/Migrations/Migrator.php(742): Illuminate/Database/Migrations/DatabaseMigrationRepository->repositoryExists()
#7 C:/xampp/htdocs/stage1-question2/vendor/laravel/framework/src/Illuminate/Database/Console/Migrations/MigrateCommand.php(165): Illuminate/Database/Migrations/Migrator->repositoryExists()
#8 C:/xampp/htdocs/stage1-question2/vendor/laravel/framework/src/Illuminate/Support/helpers.php(338): Illuminate/Database/Console/Migrations/MigrateCommand->{closure:Illuminate/Database/Console/Migrations/MigrateCommand::repositoryExists():165}()
#9 C:/xampp/htdocs/stage1-question2/vendor/laravel/framework/src/Illuminate/Database/Console/Migrations/MigrateCommand.php(165): retry()
#10 C:/xampp/htdocs/stage1-question2/vendor/laravel/framework/src/Illuminate/Database/Console/Migrations/MigrateCommand.php(141): Illuminate/Database/Console/Migrations/MigrateCommand->repositoryExists()
#11 C:/xampp/htdocs/stage1-question2/vendor/laravel/framework/src/Illuminate/Database/Console/Migrations/MigrateCommand.php(111): Illuminate/Database/Console/Migrations/MigrateCommand->prepareDatabase()
#12 C:/xampp/htdocs/stage1-question2/vendor/laravel/framework/src/Illuminate/Database/Migrations/Migrator.php(658): Illuminate/Database/Console/Migrations/MigrateCommand->{closure:Illuminate/Database/Console/Migrations/MigrateCommand::runMigrations():110}()
#13 C:/xampp/htdocs/stage1-question2/vendor/laravel/framework/src/Illuminate/Database/Console/Migrations/MigrateCommand.php(110): Illuminate/Database/Migrations/Migrator->usingConnection()
#14 C:/xampp/htdocs/stage1-question2/vendor/laravel/framework/src/Illuminate/Database/Console/Migrations/MigrateCommand.php(89): Illuminate/Database/Console/Migrations/MigrateCommand->runMigrations()
#15 C:/xampp/htdocs/stage1-question2/vendor/laravel/framework/src/Illuminate/Container/BoundMethod.php(36): Illuminate/Database/Console/Migrations/MigrateCommand->handle()
#16 C:/xampp/htdocs/stage1-question2/vendor/laravel/framework/src/Illuminate/Container/Util.php(43): Illuminate/Container/BoundMethod::{closure:Illuminate/Container/BoundMethod::call():35}()
#17 C:/xampp/htdocs/stage1-question2/vendor/laravel/framework/src/Illuminate/Container/BoundMethod.php(95): Illuminate/Container/Util::unwrapIfClosure()
#18 C:/xampp/htdocs/stage1-question2/vendor/laravel/framework/src/Illuminate/Container/BoundMethod.php(35): Illuminate/Container/BoundMethod::callBoundMethod()
#19 C:/xampp/htdocs/stage1-question2/vendor/laravel/framework/src/Illuminate/Container/Container.php(696): Illuminate/Container/BoundMethod::call()
#20 C:/xampp/htdocs/stage1-question2/vendor/laravel/framework/src/Illuminate/Console/Command.php(213): Illuminate/Container/Container->call()
#21 C:/xampp/htdocs/stage1-question2/vendor/symfony/console/Command/Command.php(341): Illuminate/Console/Command->execute()
#22 C:/xampp/htdocs/stage1-question2/vendor/laravel/framework/src/Illuminate/Console/Command.php(182): Symfony/Component/Console/Command/Command->run()
#23 C:/xampp/htdocs/stage1-question2/vendor/symfony/console/Application.php(1117): Illuminate/Console/Command->run()
#24 C:/xampp/htdocs/stage1-question2/vendor/symfony/console/Application.php(356): Symfony/Component/Console/Application->doRunCommand()
#25 C:/xampp/htdocs/stage1-question2/vendor/symfony/console/Application.php(195): Symfony/Component/Console/Application->doRun()
#26 C:/xampp/htdocs/stage1-question2/vendor/laravel/framework/src/Illuminate/Foundation/Console/Kernel.php(198): Symfony/Component/Console/Application->run()
#27 C:/xampp/htdocs/stage1-question2/vendor/laravel/framework/src/Illuminate/Foundation/Application.php(1235): Illuminate/Foundation/Console/Kernel->handle()
#28 C:/xampp/htdocs/stage1-question2/artisan(13): Illuminate/Foundation/Application->handleCommand()
#29 {main}

[previous exception] [object] (PDOException(code: 1049): SQLSTATE[HY000] [1049] Unknown database 'laravel' at C:/xampp/htdocs/stage1-question2/vendor/laravel/framework/src/Illuminate/Database/Connectors/Connector.php:67)
[stacktrace]
#0 C:/xampp/htdocs/stage1-question2/vendor/laravel/framework/src/Illuminate/Database/Connectors/Connector.php(67): PDO::connect()
#1 C:/xampp/htdocs/stage1-question2/vendor/laravel/framework/src/Illuminate/Database/Connectors/Connector.php(44): Illuminate/Database/Connectors/Connector->createPdoConnection()
#2 C:/xampp/htdocs/stage1-question2/vendor/laravel/framework/src/Illuminate/Database/Connectors/MySqlConnector.php(24): Illuminate/Database/Connectors/Connector->createConnection()
#3 C:/xampp/htdocs/stage1-question2/vendor/laravel/framework/src/Illuminate/Database/Connectors/ConnectionFactory.php(185): Illuminate/Database/Connectors/MySqlConnector->connect()
#4 [internal function]: Illuminate/Database/Connectors/ConnectionFactory->{closure:Illuminate/Database/Connectors/ConnectionFactory::createPdoResolverWithHosts():180}()
#5 C:/xampp/htdocs/stage1-question2/vendor/laravel/framework/src/Illuminate/Database/Connection.php(1231): call_user_func()
#6 C:/xampp/htdocs/stage1-question2/vendor/laravel/framework/src/Illuminate/Database/Connection.php(1267): Illuminate/Database/Connection->getPdo()
#7 C:/xampp/htdocs/stage1-question2/vendor/laravel/framework/src/Illuminate/Database/Connection.php(512): Illuminate/Database/Connection->getReadPdo()
#8 C:/xampp/htdocs/stage1-question2/vendor/laravel/framework/src/Illuminate/Database/Connection.php(407): Illuminate/Database/Connection->getPdoForSelect()
#9 C:/xampp/htdocs/stage1-question2/vendor/laravel/framework/src/Illuminate/Database/Connection.php(812): Illuminate/Database/Connection->{closure:Illuminate/Database/Connection::select():398}()
#10 C:/xampp/htdocs/stage1-question2/vendor/laravel/framework/src/Illuminate/Database/Connection.php(779): Illuminate/Database/Connection->runQueryCallback()
#11 C:/xampp/htdocs/stage1-question2/vendor/laravel/framework/src/Illuminate/Database/Connection.php(398): Illuminate/Database/Connection->run()
#12 C:/xampp/htdocs/stage1-question2/vendor/laravel/framework/src/Illuminate/Database/Connection.php(344): Illuminate/Database/Connection->select()
#13 C:/xampp/htdocs/stage1-question2/vendor/laravel/framework/src/Illuminate/Database/Connection.php(361): Illuminate/Database/Connection->selectOne()
#14 C:/xampp/htdocs/stage1-question2/vendor/laravel/framework/src/Illuminate/Database/Schema/MySqlBuilder.php(45): Illuminate/Database/Connection->scalar()
#15 C:/xampp/htdocs/stage1-question2/vendor/laravel/framework/src/Illuminate/Database/Migrations/DatabaseMigrationRepository.php(184): Illuminate/Database/Schema/MySqlBuilder->hasTable()
#16 C:/xampp/htdocs/stage1-question2/vendor/laravel/framework/src/Illuminate/Database/Migrations/Migrator.php(742): Illuminate/Database/Migrations/DatabaseMigrationRepository->repositoryExists()
#17 C:/xampp/htdocs/stage1-question2/vendor/laravel/framework/src/Illuminate/Database/Console/Migrations/MigrateCommand.php(165): Illuminate/Database/Migrations/Migrator->repositoryExists()
#18 C:/xampp/htdocs/stage1-question2/vendor/laravel/framework/src/Illuminate/Support/helpers.php(338): Illuminate/Database/Console/Migrations/MigrateCommand->{closure:Illuminate/Database/Console/Migrations/MigrateCommand::repositoryExists():165}()
#19 C:/xampp/htdocs/stage1-question2/vendor/laravel/framework/src/Illuminate/Database/Console/Migrations/MigrateCommand.php(165): retry()
#20 C:/xampp/htdocs/stage1-question2/vendor/laravel/framework/src/Illuminate/Database/Console/Migrations/MigrateCommand.php(141): Illuminate/Database/Console/Migrations/MigrateCommand->repositoryExists()
#21 C:/xampp/htdocs/stage1-question2/vendor/laravel/framework/src/Illuminate/Database/Console/Migrations/MigrateCommand.php(111): Illuminate/Database/Console/Migrations/MigrateCommand->prepareDatabase()
#22 C:/xampp/htdocs/stage1-question2/vendor/laravel/framework/src/Illuminate/Database/Migrations/Migrator.php(658): Illuminate/Database/Console/Migrations/MigrateCommand->{closure:Illuminate/Database/Console/Migrations/MigrateCommand::runMigrations():110}()
#23 C:/xampp/htdocs/stage1-question2/vendor/laravel/framework/src/Illuminate/Database/Console/Migrations/MigrateCommand.php(110): Illuminate/Database/Migrations/Migrator->usingConnection()
#24 C:/xampp/htdocs/stage1-question2/vendor/laravel/framework/src/Illuminate/Database/Console/Migrations/MigrateCommand.php(89): Illuminate/Database/Console/Migrations/MigrateCommand->runMigrations()
#25 C:/xampp/htdocs/stage1-question2/vendor/laravel/framework/src/Illuminate/Container/BoundMethod.php(36): Illuminate/Database/Console/Migrations/MigrateCommand->handle()
#26 C:/xampp/htdocs/stage1-question2/vendor/laravel/framework/src/Illuminate/Container/Util.php(43): Illuminate/Container/BoundMethod::{closure:Illuminate/Container/BoundMethod::call():35}()
#27 C:/xampp/htdocs/stage1-question2/vendor/laravel/framework/src/Illuminate/Container/BoundMethod.php(95): Illuminate/Container/Util::unwrapIfClosure()
#28 C:/xampp/htdocs/stage1-question2/vendor/laravel/framework/src/Illuminate/Container/BoundMethod.php(35): Illuminate/Container/BoundMethod::callBoundMethod()
#29 C:/xampp/htdocs/stage1-question2/vendor/laravel/framework/src/Illuminate/Container/Container.php(696): Illuminate/Container/BoundMethod::call()
#30 C:/xampp/htdocs/stage1-question2/vendor/laravel/framework/src/Illuminate/Console/Command.php(213): Illuminate/Container/Container->call()
#31 C:/xampp/htdocs/stage1-question2/vendor/symfony/console/Command/Command.php(341): Illuminate/Console/Command->execute()
#32 C:/xampp/htdocs/stage1-question2/vendor/laravel/framework/src/Illuminate/Console/Command.php(182): Symfony/Component/Console/Command/Command->run()
#33 C:/xampp/htdocs/stage1-question2/vendor/symfony/console/Application.php(1117): Illuminate/Console/Command->run()
#34 C:/xampp/htdocs/stage1-question2/vendor/symfony/console/Application.php(356): Symfony/Component/Console/Application->doRunCommand()
#35 C:/xampp/htdocs/stage1-question2/vendor/symfony/console/Application.php(195): Symfony/Component/Console/Application->doRun()
#36 C:/xampp/htdocs/stage1-question2/vendor/laravel/framework/src/Illuminate/Foundation/Console/Kernel.php(198): Symfony/Component/Console/Application->run()
#37 C:/xampp/htdocs/stage1-question2/vendor/laravel/framework/src/Illuminate/Foundation/Application.php(1235): Illuminate/Foundation/Console/Kernel->handle()
#38 C:/xampp/htdocs/stage1-question2/artisan(13): Illuminate/Foundation/Application->handleCommand()
#39 {main}
"} 
[2026-09-29 09:22:10] local.ERROR: SQLSTATE[HY000]: General error: 1273 Unknown collation: 'utf8mb4_0900_ai_ci' (Connection: mysql, SQL: select exists (select 1 from information_schema.tables where table_schema = 'laravel' and table_name = 'migrations' and table_type in ('BASE TABLE', 'SYSTEM VERSIONED')) as `exists`) {"exception":"[object] (Illuminate\\Database\\QueryException(code: HY000): SQLSTATE[HY000]: General error: 1273 Unknown collation: 'utf8mb4_0900_ai_ci' (Connection: mysql, SQL: select exists (select 1 from information_schema.tables where table_schema = 'laravel' and table_name = 'migrations' and table_type in ('BASE TABLE', 'SYSTEM VERSIONED')) as `exists`) at C:/xampp/htdocs/stage1-question2/vendor/laravel/framework/src/Illuminate/Database/Connection.php:825)
[stacktrace]
#0 C:/xampp/htdocs/stage1-question2/vendor/laravel/framework/src/Illuminate/Database/Connection.php(779): Illuminate/Database/Connection->runQueryCallback()
#1 C:/xampp/htdocs/stage1-question2/vendor/laravel/framework/src/Illuminate/Database/Connection.php(398): Illuminate/Database/Connection->run()
#2 C:/xampp/htdocs/stage1-question2/vendor/laravel/framework/src/Illuminate/Database/Connection.php(344): Illuminate/Database/Connection->select()
#3 C:/xampp/htdocs/stage1-question2/vendor/laravel/framework/src/Illuminate/Database/Connection.php(361): Illuminate/Database/Connection->selectOne()
#4 C:/xampp/htdocs/stage1-question2/vendor/laravel/framework/src/Illuminate/Database/Schema/MySqlBuilder.php(45): Illuminate/Database/Connection->scalar()
#5 C:/xampp/htdocs/stage1-question2/vendor/laravel/framework/src/Illuminate/Database/Migrations/DatabaseMigrationRepository.php(184): Illuminate/Database/Schema/MySqlBuilder->hasTable()
#6 C:/xampp/htdocs/stage1-question2/vendor/laravel/framework/src/Illuminate/Database/Migrations/Migrator.php(742): Illuminate/Database/Migrations/DatabaseMigrationRepository->repositoryExists()
#7 C:/xampp/htdocs/stage1-question2/vendor/laravel/framework/src/Illuminate/Database/Console/Migrations/MigrateCommand.php(165): Illuminate/Database/Migrations/Migrator->repositoryExists()
#8 C:/xampp/htdocs/stage1-question2/vendor/laravel/framework/src/Illuminate/Support/helpers.php(338): Illuminate/Database/Console/Migrations/MigrateCommand->{closure:Illuminate/Database/Console/Migrations/MigrateCommand::repositoryExists():165}()
#9 C:/xampp/htdocs/stage1-question2/vendor/laravel/framework/src/Illuminate/Database/Console/Migrations/MigrateCommand.php(165): retry()
#10 C:/xampp/htdocs/stage1-question2/vendor/laravel/framework/src/Illuminate/Database/Console/Migrations/MigrateCommand.php(141): Illuminate/Database/Console/Migrations/MigrateCommand->repositoryExists()
#11 C:/xampp/htdocs/stage1-question2/vendor/laravel/framework/src/Illuminate/Database/Console/Migrations/MigrateCommand.php(111): Illuminate/Database/Console/Migrations/MigrateCommand->prepareDatabase()
#12 C:/xampp/htdocs/stage1-question2/vendor/laravel/framework/src/Illuminate/Database/Migrations/Migrator.php(658): Illuminate/Database/Console/Migrations/MigrateCommand->{closure:Illuminate/Database/Console/Migrations/MigrateCommand::runMigrations():110}()
#13 C:/xampp/htdocs/stage1-question2/vendor/laravel/framework/src/Illuminate/Database/Console/Migrations/MigrateCommand.php(110): Illuminate/Database/Migrations/Migrator->usingConnection()
#14 C:/xampp/htdocs/stage1-question2/vendor/laravel/framework/src/Illuminate/Database/Console/Migrations/MigrateCommand.php(89): Illuminate/Database/Console/Migrations/MigrateCommand->runMigrations()
#15 C:/xampp/htdocs/stage1-question2/vendor/laravel/framework/src/Illuminate/Container/BoundMethod.php(36): Illuminate/Database/Console/Migrations/MigrateCommand->handle()
#16 C:/xampp/htdocs/stage1-question2/vendor/laravel/framework/src/Illuminate/Container/Util.php(43): Illuminate/Container/BoundMethod::{closure:Illuminate/Container/BoundMethod::call():35}()
#17 C:/xampp/htdocs/stage1-question2/vendor/laravel/framework/src/Illuminate/Container/BoundMethod.php(95): Illuminate/Container/Util::unwrapIfClosure()
#18 C:/xampp/htdocs/stage1-question2/vendor/laravel/framework/src/Illuminate/Container/BoundMethod.php(35): Illuminate/Container/BoundMethod::callBoundMethod()
#19 C:/xampp/htdocs/stage1-question2/vendor/laravel/framework/src/Illuminate/Container/Container.php(696): Illuminate/Container/BoundMethod::call()
#20 C:/xampp/htdocs/stage1-question2/vendor/laravel/framework/src/Illuminate/Console/Command.php(213): Illuminate/Container/Container->call()
#21 C:/xampp/htdocs/stage1-question2/vendor/symfony/console/Command/Command.php(341): Illuminate/Console/Command->execute()
#22 C:/xampp/htdocs/stage1-question2/vendor/laravel/framework/src/Illuminate/Console/Command.php(182): Symfony/Component/Console/Command/Command->run()
#23 C:/xampp/htdocs/stage1-question2/vendor/symfony/console/Application.php(1117): Illuminate/Console/Command->run()
#24 C:/xampp/htdocs/stage1-question2/vendor/symfony/console/Application.php(356): Symfony/Component/Console/Application->doRunCommand()
#25 C:/xampp/htdocs/stage1-question2/vendor/symfony/console/Application.php(195): Symfony/Component/Console/Application->doRun()
#26 C:/xampp/htdocs/stage1-question2/vendor/laravel/framework/src/Illuminate/Foundation/Console/Kernel.php(198): Symfony/Component/Console/Application->run()
#27 C:/xampp/htdocs/stage1-question2/vendor/laravel/framework/src/Illuminate/Foundation/Application.php(1235): Illuminate/Foundation/Console/Kernel->handle()
#28 C:/xampp/htdocs/stage1-question2/artisan(13): Illuminate/Foundation/Application->handleCommand()
#29 {main}

[previous exception] [object] (PDOException(code: HY000): SQLSTATE[HY000]: General error: 1273 Unknown collation: 'utf8mb4_0900_ai_ci' at C:/xampp/htdocs/stage1-question2/vendor/laravel/framework/src/Illuminate/Database/Connectors/MySqlConnector.php:121)
[stacktrace]
#0 C:/xampp/htdocs/stage1-question2/vendor/laravel/framework/src/Illuminate/Database/Connectors/MySqlConnector.php(121): PDO->exec()
#1 C:/xampp/htdocs/stage1-question2/vendor/laravel/framework/src/Illuminate/Database/Connectors/MySqlConnector.php(32): Illuminate/Database/Connectors/MySqlConnector->configureConnection()
#2 C:/xampp/htdocs/stage1-question2/vendor/laravel/framework/src/Illuminate/Database/Connectors/ConnectionFactory.php(185): Illuminate/Database/Connectors/MySqlConnector->connect()
#3 [internal function]: Illuminate/Database/Connectors/ConnectionFactory->{closure:Illuminate/Database/Connectors/ConnectionFactory::createPdoResolverWithHosts():180}()
#4 C:/xampp/htdocs/stage1-question2/vendor/laravel/framework/src/Illuminate/Database/Connection.php(1231): call_user_func()
#5 C:/xampp/htdocs/stage1-question2/vendor/laravel/framework/src/Illuminate/Database/Connection.php(1267): Illuminate/Database/Connection->getPdo()
#6 C:/xampp/htdocs/stage1-question2/vendor/laravel/framework/src/Illuminate/Database/Connection.php(512): Illuminate/Database/Connection->getReadPdo()
#7 C:/xampp/htdocs/stage1-question2/vendor/laravel/framework/src/Illuminate/Database/Connection.php(407): Illuminate/Database/Connection->getPdoForSelect()
#8 C:/xampp/htdocs/stage1-question2/vendor/laravel/framework/src/Illuminate/Database/Connection.php(812): Illuminate/Database/Connection->{closure:Illuminate/Database/Connection::select():398}()
#9 C:/xampp/htdocs/stage1-question2/vendor/laravel/framework/src/Illuminate/Database/Connection.php(779): Illuminate/Database/Connection->runQueryCallback()
#10 C:/xampp/htdocs/stage1-question2/vendor/laravel/framework/src/Illuminate/Database/Connection.php(398): Illuminate/Database/Connection->run()
#11 C:/xampp/htdocs/stage1-question2/vendor/laravel/framework/src/Illuminate/Database/Connection.php(344): Illuminate/Database/Connection->select()
#12 C:/xampp/htdocs/stage1-question2/vendor/laravel/framework/src/Illuminate/Database/Connection.php(361): Illuminate/Database/Connection->selectOne()
#13 C:/xampp/htdocs/stage1-question2/vendor/laravel/framework/src/Illuminate/Database/Schema/MySqlBuilder.php(45): Illuminate/Database/Connection->scalar()
#14 C:/xampp/htdocs/stage1-question2/vendor/laravel/framework/src/Illuminate/Database/Migrations/DatabaseMigrationRepository.php(184): Illuminate/Database/Schema/MySqlBuilder->hasTable()
#15 C:/xampp/htdocs/stage1-question2/vendor/laravel/framework/src/Illuminate/Database/Migrations/Migrator.php(742): Illuminate/Database/Migrations/DatabaseMigrationRepository->repositoryExists()
#16 C:/xampp/htdocs/stage1-question2/vendor/laravel/framework/src/Illuminate/Database/Console/Migrations/MigrateCommand.php(165): Illuminate/Database/Migrations/Migrator->repositoryExists()
#17 C:/xampp/htdocs/stage1-question2/vendor/laravel/framework/src/Illuminate/Support/helpers.php(338): Illuminate/Database/Console/Migrations/MigrateCommand->{closure:Illuminate/Database/Console/Migrations/MigrateCommand::repositoryExists():165}()
#18 C:/xampp/htdocs/stage1-question2/vendor/laravel/framework/src/Illuminate/Database/Console/Migrations/MigrateCommand.php(165): retry()
#19 C:/xampp/htdocs/stage1-question2/vendor/laravel/framework/src/Illuminate/Database/Console/Migrations/MigrateCommand.php(141): Illuminate/Database/Console/Migrations/MigrateCommand->repositoryExists()
#20 C:/xampp/htdocs/stage1-question2/vendor/laravel/framework/src/Illuminate/Database/Console/Migrations/MigrateCommand.php(111): Illuminate/Database/Console/Migrations/MigrateCommand->prepareDatabase()
#21 C:/xampp/htdocs/stage1-question2/vendor/laravel/framework/src/Illuminate/Database/Migrations/Migrator.php(658): Illuminate/Database/Console/Migrations/MigrateCommand->{closure:Illuminate/Database/Console/Migrations/MigrateCommand::runMigrations():110}()
#22 C:/xampp/htdocs/stage1-question2/vendor/laravel/framework/src/Illuminate/Database/Console/Migrations/MigrateCommand.php(110): Illuminate/Database/Migrations/Migrator->usingConnection()
#23 C:/xampp/htdocs/stage1-question2/vendor/laravel/framework/src/Illuminate/Database/Console/Migrations/MigrateCommand.php(89): Illuminate/Database/Console/Migrations/MigrateCommand->runMigrations()
#24 C:/xampp/htdocs/stage1-question2/vendor/laravel/framework/src/Illuminate/Container/BoundMethod.php(36): Illuminate/Database/Console/Migrations/MigrateCommand->handle()
#25 C:/xampp/htdocs/stage1-question2/vendor/laravel/framework/src/Illuminate/Container/Util.php(43): Illuminate/Container/BoundMethod::{closure:Illuminate/Container/BoundMethod::call():35}()
#26 C:/xampp/htdocs/stage1-question2/vendor/laravel/framework/src/Illuminate/Container/BoundMethod.php(95): Illuminate/Container/Util::unwrapIfClosure()
#27 C:/xampp/htdocs/stage1-question2/vendor/laravel/framework/src/Illuminate/Container/BoundMethod.php(35): Illuminate/Container/BoundMethod::callBoundMethod()
#28 C:/xampp/htdocs/stage1-question2/vendor/laravel/framework/src/Illuminate/Container/Container.php(696): Illuminate/Container/BoundMethod::call()
#29 C:/xampp/htdocs/stage1-question2/vendor/laravel/framework/src/Illuminate/Console/Command.php(213): Illuminate/Container/Container->call()
#30 C:/xampp/htdocs/stage1-question2/vendor/symfony/console/Command/Command.php(341): Illuminate/Console/Command->execute()
#31 C:/xampp/htdocs/stage1-question2/vendor/laravel/framework/src/Illuminate/Console/Command.php(182): Symfony/Component/Console/Command/Command->run()
#32 C:/xampp/htdocs/stage1-question2/vendor/symfony/console/Application.php(1117): Illuminate/Console/Command->run()
#33 C:/xampp/htdocs/stage1-question2/vendor/symfony/console/Application.php(356): Symfony/Component/Console/Application->doRunCommand()
#34 C:/xampp/htdocs/stage1-question2/vendor/symfony/console/Application.php(195): Symfony/Component/Console/Application->doRun()
#35 C:/xampp/htdocs/stage1-question2/vendor/laravel/framework/src/Illuminate/Foundation/Console/Kernel.php(198): Symfony/Component/Console/Application->run()
#36 C:/xampp/htdocs/stage1-question2/vendor/laravel/framework/src/Illuminate/Foundation/Application.php(1235): Illuminate/Foundation/Console/Kernel->handle()
#37 C:/xampp/htdocs/stage1-question2/artisan(13): Illuminate/Foundation/Application->handleCommand()
#38 {main}
"} 
[2026-09-29 09:23:10] local.ERROR: SQLSTATE[HY000]: General error: 1273 Unknown collation: 'utf8mb4_0900_ai_ci' (Connection: mysql, SQL: select exists (select 1 from information_schema.tables where table_schema = 'laravel' and table_name = 'migrations' and table_type in ('BASE TABLE', 'SYSTEM VERSIONED')) as `exists`) {"exception":"[object] (Illuminate\\Database\\QueryException(code: HY000): SQLSTATE[HY000]: General error: 1273 Unknown collation: 'utf8mb4_0900_ai_ci' (Connection: mysql, SQL: select exists (select 1 from information_schema.tables where table_schema = 'laravel' and table_name = 'migrations' and table_type in ('BASE TABLE', 'SYSTEM VERSIONED')) as `exists`) at C:/xampp/htdocs/stage1-question2/vendor/laravel/framework/src/Illuminate/Database/Connection.php:825)
[stacktrace]
#0 C:/xampp/htdocs/stage1-question2/vendor/laravel/framework/src/Illuminate/Database/Connection.php(779): Illuminate/Database/Connection->runQueryCallback()
#1 C:/xampp/htdocs/stage1-question2/vendor/laravel/framework/src/Illuminate/Database/Connection.php(398): Illuminate/Database/Connection->run()
#2 C:/xampp/htdocs/stage1-question2/vendor/laravel/framework/src/Illuminate/Database/Connection.php(344): Illuminate/Database/Connection->select()
#3 C:/xampp/htdocs/stage1-question2/vendor/laravel/framework/src/Illuminate/Database/Connection.php(361): Illuminate/Database/Connection->selectOne()
#4 C:/xampp/htdocs/stage1-question2/vendor/laravel/framework/src/Illuminate/Database/Schema/MySqlBuilder.php(45): Illuminate/Database/Connection->scalar()
#5 C:/xampp/htdocs/stage1-question2/vendor/laravel/framework/src/Illuminate/Database/Migrations/DatabaseMigrationRepository.php(184): Illuminate/Database/Schema/MySqlBuilder->hasTable()
#6 C:/xampp/htdocs/stage1-question2/vendor/laravel/framework/src/Illuminate/Database/Migrations/Migrator.php(742): Illuminate/Database/Migrations/DatabaseMigrationRepository->repositoryExists()
#7 C:/xampp/htdocs/stage1-question2/vendor/laravel/framework/src/Illuminate/Database/Console/Migrations/MigrateCommand.php(165): Illuminate/Database/Migrations/Migrator->repositoryExists()
#8 C:/xampp/htdocs/stage1-question2/vendor/laravel/framework/src/Illuminate/Support/helpers.php(338): Illuminate/Database/Console/Migrations/MigrateCommand->{closure:Illuminate/Database/Console/Migrations/MigrateCommand::repositoryExists():165}()
#9 C:/xampp/htdocs/stage1-question2/vendor/laravel/framework/src/Illuminate/Database/Console/Migrations/MigrateCommand.php(165): retry()
#10 C:/xampp/htdocs/stage1-question2/vendor/laravel/framework/src/Illuminate/Database/Console/Migrations/MigrateCommand.php(141): Illuminate/Database/Console/Migrations/MigrateCommand->repositoryExists()
#11 C:/xampp/htdocs/stage1-question2/vendor/laravel/framework/src/Illuminate/Database/Console/Migrations/MigrateCommand.php(111): Illuminate/Database/Console/Migrations/MigrateCommand->prepareDatabase()
#12 C:/xampp/htdocs/stage1-question2/vendor/laravel/framework/src/Illuminate/Database/Migrations/Migrator.php(658): Illuminate/Database/Console/Migrations/MigrateCommand->{closure:Illuminate/Database/Console/Migrations/MigrateCommand::runMigrations():110}()
#13 C:/xampp/htdocs/stage1-question2/vendor/laravel/framework/src/Illuminate/Database/Console/Migrations/MigrateCommand.php(110): Illuminate/Database/Migrations/Migrator->usingConnection()
#14 C:/xampp/htdocs/stage1-question2/vendor/laravel/framework/src/Illuminate/Database/Console/Migrations/MigrateCommand.php(89): Illuminate/Database/Console/Migrations/MigrateCommand->runMigrations()
#15 C:/xampp/htdocs/stage1-question2/vendor/laravel/framework/src/Illuminate/Container/BoundMethod.php(36): Illuminate/Database/Console/Migrations/MigrateCommand->handle()
#16 C:/xampp/htdocs/stage1-question2/vendor/laravel/framework/src/Illuminate/Container/Util.php(43): Illuminate/Container/BoundMethod::{closure:Illuminate/Container/BoundMethod::call():35}()
#17 C:/xampp/htdocs/stage1-question2/vendor/laravel/framework/src/Illuminate/Container/BoundMethod.php(95): Illuminate/Container/Util::unwrapIfClosure()
#18 C:/xampp/htdocs/stage1-question2/vendor/laravel/framework/src/Illuminate/Container/BoundMethod.php(35): Illuminate/Container/BoundMethod::callBoundMethod()
#19 C:/xampp/htdocs/stage1-question2/vendor/laravel/framework/src/Illuminate/Container/Container.php(696): Illuminate/Container/BoundMethod::call()
#20 C:/xampp/htdocs/stage1-question2/vendor/laravel/framework/src/Illuminate/Console/Command.php(213): Illuminate/Container/Container->call()
#21 C:/xampp/htdocs/stage1-question2/vendor/symfony/console/Command/Command.php(341): Illuminate/Console/Command->execute()
#22 C:/xampp/htdocs/stage1-question2/vendor/laravel/framework/src/Illuminate/Console/Command.php(182): Symfony/Component/Console/Command/Command->run()
#23 C:/xampp/htdocs/stage1-question2/vendor/symfony/console/Application.php(1117): Illuminate/Console/Command->run()
#24 C:/xampp/htdocs/stage1-question2/vendor/symfony/console/Application.php(356): Symfony/Component/Console/Application->doRunCommand()
#25 C:/xampp/htdocs/stage1-question2/vendor/symfony/console/Application.php(195): Symfony/Component/Console/Application->doRun()
#26 C:/xampp/htdocs/stage1-question2/vendor/laravel/framework/src/Illuminate/Foundation/Console/Kernel.php(198): Symfony/Component/Console/Application->run()
#27 C:/xampp/htdocs/stage1-question2/vendor/laravel/framework/src/Illuminate/Foundation/Application.php(1235): Illuminate/Foundation/Console/Kernel->handle()
#28 C:/xampp/htdocs/stage1-question2/artisan(13): Illuminate/Foundation/Application->handleCommand()
#29 {main}

[previous exception] [object] (PDOException(code: HY000): SQLSTATE[HY000]: General error: 1273 Unknown collation: 'utf8mb4_0900_ai_ci' at C:/xampp/htdocs/stage1-question2/vendor/laravel/framework/src/Illuminate/Database/Connectors/MySqlConnector.php:121)
[stacktrace]
#0 C:/xampp/htdocs/stage1-question2/vendor/laravel/framework/src/Illuminate/Database/Connectors/MySqlConnector.php(121): PDO->exec()
#1 C:/xampp/htdocs/stage1-question2/vendor/laravel/framework/src/Illuminate/Database/Connectors/MySqlConnector.php(32): Illuminate/Database/Connectors/MySqlConnector->configureConnection()
#2 C:/xampp/htdocs/stage1-question2/vendor/laravel/framework/src/Illuminate/Database/Connectors/ConnectionFactory.php(185): Illuminate/Database/Connectors/MySqlConnector->connect()
#3 [internal function]: Illuminate/Database/Connectors/ConnectionFactory->{closure:Illuminate/Database/Connectors/ConnectionFactory::createPdoResolverWithHosts():180}()
#4 C:/xampp/htdocs/stage1-question2/vendor/laravel/framework/src/Illuminate/Database/Connection.php(1231): call_user_func()
#5 C:/xampp/htdocs/stage1-question2/vendor/laravel/framework/src/Illuminate/Database/Connection.php(1267): Illuminate/Database/Connection->getPdo()
#6 C:/xampp/htdocs/stage1-question2/vendor/laravel/framework/src/Illuminate/Database/Connection.php(512): Illuminate/Database/Connection->getReadPdo()
#7 C:/xampp/htdocs/stage1-question2/vendor/laravel/framework/src/Illuminate/Database/Connection.php(407): Illuminate/Database/Connection->getPdoForSelect()
#8 C:/xampp/htdocs/stage1-question2/vendor/laravel/framework/src/Illuminate/Database/Connection.php(812): Illuminate/Database/Connection->{closure:Illuminate/Database/Connection::select():398}()
#9 C:/xampp/htdocs/stage1-question2/vendor/laravel/framework/src/Illuminate/Database/Connection.php(779): Illuminate/Database/Connection->runQueryCallback()
#10 C:/xampp/htdocs/stage1-question2/vendor/laravel/framework/src/Illuminate/Database/Connection.php(398): Illuminate/Database/Connection->run()
#11 C:/xampp/htdocs/stage1-question2/vendor/laravel/framework/src/Illuminate/Database/Connection.php(344): Illuminate/Database/Connection->select()
#12 C:/xampp/htdocs/stage1-question2/vendor/laravel/framework/src/Illuminate/Database/Connection.php(361): Illuminate/Database/Connection->selectOne()
#13 C:/xampp/htdocs/stage1-question2/vendor/laravel/framework/src/Illuminate/Database/Schema/MySqlBuilder.php(45): Illuminate/Database/Connection->scalar()
#14 C:/xampp/htdocs/stage1-question2/vendor/laravel/framework/src/Illuminate/Database/Migrations/DatabaseMigrationRepository.php(184): Illuminate/Database/Schema/MySqlBuilder->hasTable()
#15 C:/xampp/htdocs/stage1-question2/vendor/laravel/framework/src/Illuminate/Database/Migrations/Migrator.php(742): Illuminate/Database/Migrations/DatabaseMigrationRepository->repositoryExists()
#16 C:/xampp/htdocs/stage1-question2/vendor/laravel/framework/src/Illuminate/Database/Console/Migrations/MigrateCommand.php(165): Illuminate/Database/Migrations/Migrator->repositoryExists()
#17 C:/xampp/htdocs/stage1-question2/vendor/laravel/framework/src/Illuminate/Support/helpers.php(338): Illuminate/Database/Console/Migrations/MigrateCommand->{closure:Illuminate/Database/Console/Migrations/MigrateCommand::repositoryExists():165}()
#18 C:/xampp/htdocs/stage1-question2/vendor/laravel/framework/src/Illuminate/Database/Console/Migrations/MigrateCommand.php(165): retry()
#19 C:/xampp/htdocs/stage1-question2/vendor/laravel/framework/src/Illuminate/Database/Console/Migrations/MigrateCommand.php(141): Illuminate/Database/Console/Migrations/MigrateCommand->repositoryExists()
#20 C:/xampp/htdocs/stage1-question2/vendor/laravel/framework/src/Illuminate/Database/Console/Migrations/MigrateCommand.php(111): Illuminate/Database/Console/Migrations/MigrateCommand->prepareDatabase()
#21 C:/xampp/htdocs/stage1-question2/vendor/laravel/framework/src/Illuminate/Database/Migrations/Migrator.php(658): Illuminate/Database/Console/Migrations/MigrateCommand->{closure:Illuminate/Database/Console/Migrations/MigrateCommand::runMigrations():110}()
#22 C:/xampp/htdocs/stage1-question2/vendor/laravel/framework/src/Illuminate/Database/Console/Migrations/MigrateCommand.php(110): Illuminate/Database/Migrations/Migrator->usingConnection()
#23 C:/xampp/htdocs/stage1-question2/vendor/laravel/framework/src/Illuminate/Database/Console/Migrations/MigrateCommand.php(89): Illuminate/Database/Console/Migrations/MigrateCommand->runMigrations()
#24 C:/xampp/htdocs/stage1-question2/vendor/laravel/framework/src/Illuminate/Container/BoundMethod.php(36): Illuminate/Database/Console/Migrations/MigrateCommand->handle()
#25 C:/xampp/htdocs/stage1-question2/vendor/laravel/framework/src/Illuminate/Container/Util.php(43): Illuminate/Container/BoundMethod::{closure:Illuminate/Container/BoundMethod::call():35}()
#26 C:/xampp/htdocs/stage1-question2/vendor/laravel/framework/src/Illuminate/Container/BoundMethod.php(95): Illuminate/Container/Util::unwrapIfClosure()
#27 C:/xampp/htdocs/stage1-question2/vendor/laravel/framework/src/Illuminate/Container/BoundMethod.php(35): Illuminate/Container/BoundMethod::callBoundMethod()
#28 C:/xampp/htdocs/stage1-question2/vendor/laravel/framework/src/Illuminate/Container/Container.php(696): Illuminate/Container/BoundMethod::call()
#29 C:/xampp/htdocs/stage1-question2/vendor/laravel/framework/src/Illuminate/Console/Command.php(213): Illuminate/Container/Container->call()
#30 C:/xampp/htdocs/stage1-question2/vendor/symfony/console/Command/Command.php(341): Illuminate/Console/Command->execute()
#31 C:/xampp/htdocs/stage1-question2/vendor/laravel/framework/src/Illuminate/Console/Command.php(182): Symfony/Component/Console/Command/Command->run()
#32 C:/xampp/htdocs/stage1-question2/vendor/symfony/console/Application.php(1117): Illuminate/Console/Command->run()
#33 C:/xampp/htdocs/stage1-question2/vendor/symfony/console/Application.php(356): Symfony/Component/Console/Application->doRunCommand()
#34 C:/xampp/htdocs/stage1-question2/vendor/symfony/console/Application.php(195): Symfony/Component/Console/Application->doRun()
#35 C:/xampp/htdocs/stage1-question2/vendor/laravel/framework/src/Illuminate/Foundation/Console/Kernel.php(198): Symfony/Component/Console/Application->run()
#36 C:/xampp/htdocs/stage1-question2/vendor/laravel/framework/src/Illuminate/Foundation/Application.php(1235): Illuminate/Foundation/Console/Kernel->handle()
#37 C:/xampp/htdocs/stage1-question2/artisan(13): Illuminate/Foundation/Application->handleCommand()
#38 {main}
"} 
[2026-09-29 09:25:32] local.ERROR: Route [login] not defined. {"exception":"[object] (Symfony\\Component\\Routing\\Exception\\RouteNotFoundException(code: 0): Route [login] not defined. at C:/xampp/htdocs/stage1-question2/vendor/laravel/framework/src/Illuminate/Routing/UrlGenerator.php:517)
[stacktrace]
#0 C:/xampp/htdocs/stage1-question2/vendor/laravel/framework/src/Illuminate/Foundation/helpers.php(853): Illuminate/Routing/UrlGenerator->route()
#1 C:/xampp/htdocs/stage1-question2/vendor/laravel/framework/src/Illuminate/Foundation/Configuration/ApplicationBuilder.php(278): route()
#2 [internal function]: Illuminate/Foundation/Configuration/ApplicationBuilder->{closure:{closure:Illuminate/Foundation/Configuration/ApplicationBuilder::withMiddleware():276}:278}()
#3 C:/xampp/htdocs/stage1-question2/vendor/laravel/framework/src/Illuminate/Auth/Middleware/Authenticate.php(118): call_user_func()
#4 C:/xampp/htdocs/stage1-question2/vendor/laravel/framework/src/Illuminate/Auth/Middleware/Authenticate.php(105): Illuminate/Auth/Middleware/Authenticate->redirectTo()
#5 C:/xampp/htdocs/stage1-question2/vendor/laravel/framework/src/Illuminate/Auth/Middleware/Authenticate.php(88): Illuminate/Auth/Middleware/Authenticate->unauthenticated()
#6 C:/xampp/htdocs/stage1-question2/vendor/laravel/framework/src/Illuminate/Auth/Middleware/Authenticate.php(62): Illuminate/Auth/Middleware/Authenticate->authenticate()
#7 C:/xampp/htdocs/stage1-question2/vendor/laravel/framework/src/Illuminate/Pipeline/Pipeline.php(209): Illuminate/Auth/Middleware/Authenticate->handle()
#8 C:/xampp/htdocs/stage1-question2/vendor/laravel/framework/src/Illuminate/Pipeline/Pipeline.php(127): Illuminate/Pipeline/Pipeline->{closure:{closure:Illuminate/Pipeline/Pipeline::carry():184}:185}()
#9 C:/xampp/htdocs/stage1-question2/vendor/laravel/framework/src/Illuminate/Routing/Router.php(807): Illuminate/Pipeline/Pipeline->then()
#10 C:/xampp/htdocs/stage1-question2/vendor/laravel/framework/src/Illuminate/Routing/Router.php(786): Illuminate/Routing/Router->runRouteWithinStack()
#11 C:/xampp/htdocs/stage1-question2/vendor/laravel/framework/src/Illuminate/Routing/Router.php(750): Illuminate/Routing/Router->runRoute()
#12 C:/xampp/htdocs/stage1-question2/vendor/laravel/framework/src/Illuminate/Routing/Router.php(739): Illuminate/Routing/Router->dispatchToRoute()
#13 C:/xampp/htdocs/stage1-question2/vendor/laravel/framework/src/Illuminate/Foundation/Http/Kernel.php(201): Illuminate/Routing/Router->dispatch()
#14 C:/xampp/htdocs/stage1-question2/vendor/laravel/framework/src/Illuminate/Pipeline/Pipeline.php(170): Illuminate/Foundation/Http/Kernel->{closure:Illuminate/Foundation/Http/Kernel::dispatchToRouter():198}()
#15 C:/xampp/htdocs/stage1-question2/vendor/laravel/framework/src/Illuminate/Foundation/Http/Middleware/TransformsRequest.php(21): Illuminate/Pipeline/Pipeline->{closure:Illuminate/Pipeline/Pipeline::prepareDestination():168}()
#16 C:/xampp/htdocs/stage1-question2/vendor/laravel/framework/src/Illuminate/Foundation/Http/Middleware/ConvertEmptyStringsToNull.php(31): Illuminate/Foundation/Http/Middleware/TransformsRequest->handle()
#17 C:/xampp/htdocs/stage1-question2/vendor/laravel/framework/src/Illuminate/Pipeline/Pipeline.php(209): Illuminate/Foundation/Http/Middleware/ConvertEmptyStringsToNull->handle()
#18 C:/xampp/htdocs/stage1-question2/vendor/laravel/framework/src/Illuminate/Foundation/Http/Middleware/TransformsRequest.php(21): Illuminate/Pipeline/Pipeline->{closure:{closure:Illuminate/Pipeline/Pipeline::carry():184}:185}()
#19 C:/xampp/htdocs/stage1-question2/vendor/laravel/framework/src/Illuminate/Foundation/Http/Middleware/TrimStrings.php(51): Illuminate/Foundation/Http/Middleware/TransformsRequest->handle()
#20 C:/xampp/htdocs/stage1-question2/vendor/laravel/framework/src/Illuminate/Pipeline/Pipeline.php(209): Illuminate/Foundation/Http/Middleware/TrimStrings->handle()
#21 C:/xampp/htdocs/stage1-question2/vendor/laravel/framework/src/Illuminate/Http/Middleware/ValidatePostSize.php(27): Illuminate/Pipeline/Pipeline->{closure:{closure:Illuminate/Pipeline/Pipeline::carry():184}:185}()
#22 C:/xampp/htdocs/stage1-question2/vendor/laravel/framework/src/Illuminate/Pipeline/Pipeline.php(209): Illuminate/Http/Middleware/ValidatePostSize->handle()
#23 C:/xampp/htdocs/stage1-question2/vendor/laravel/framework/src/Illuminate/Foundation/Http/Middleware/PreventRequestsDuringMaintenance.php(110): Illuminate/Pipeline/Pipeline->{closure:{closure:Illuminate/Pipeline/Pipeline::carry():184}:185}()
#24 C:/xampp/htdocs/stage1-question2/vendor/laravel/framework/src/Illuminate/Pipeline/Pipeline.php(209): Illuminate/Foundation/Http/Middleware/PreventRequestsDuringMaintenance->handle()
#25 C:/xampp/htdocs/stage1-question2/vendor/laravel/framework/src/Illuminate/Http/Middleware/HandleCors.php(62): Illuminate/Pipeline/Pipeline->{closure:{closure:Illuminate/Pipeline/Pipeline::carry():184}:185}()
#26 C:/xampp/htdocs/stage1-question2/vendor/laravel/framework/src/Illuminate/Pipeline/Pipeline.php(209): Illuminate/Http/Middleware/HandleCors->handle()
#27 C:/xampp/htdocs/stage1-question2/vendor/laravel/framework/src/Illuminate/Http/Middleware/TrustProxies.php(58): Illuminate/Pipeline/Pipeline->{closure:{closure:Illuminate/Pipeline/Pipeline::carry():184}:185}()
#28 C:/xampp/htdocs/stage1-question2/vendor/laravel/framework/src/Illuminate/Pipeline/Pipeline.php(209): Illuminate/Http/Middleware/TrustProxies->handle()
#29 C:/xampp/htdocs/stage1-question2/vendor/laravel/framework/src/Illuminate/Foundation/Http/Middleware/InvokeDeferredCallbacks.php(22): Illuminate/Pipeline/Pipeline->{closure:{closure:Illuminate/Pipeline/Pipeline::carry():184}:185}()
#30 C:/xampp/htdocs/stage1-question2/vendor/laravel/framework/src/Illuminate/Pipeline/Pipeline.php(209): Illuminate/Foundation/Http/Middleware/InvokeDeferredCallbacks->handle()
#31 C:/xampp/htdocs/stage1-question2/vendor/laravel/framework/src/Illuminate/Pipeline/Pipeline.php(127): Illuminate/Pipeline/Pipeline->{closure:{closure:Illuminate/Pipeline/Pipeline::carry():184}:185}()
#32 C:/xampp/htdocs/stage1-question2/vendor/laravel/framework/src/Illuminate/Foundation/Http/Kernel.php(176): Illuminate/Pipeline/Pipeline->then()
#33 C:/xampp/htdocs/stage1-question2/vendor/laravel/framework/src/Illuminate/Foundation/Http/Kernel.php(145): Illuminate/Foundation/Http/Kernel->sendRequestThroughRouter()
#34 C:/xampp/htdocs/stage1-question2/vendor/laravel/framework/src/Illuminate/Foundation/Application.php(1220): Illuminate/Foundation/Http/Kernel->handle()
#35 C:/xampp/htdocs/stage1-question2/public/index.php(17): Illuminate/Foundation/Application->handleRequest()
#36 C:/xampp/htdocs/stage1-question2/vendor/laravel/framework/src/Illuminate/Foundation/resources/server.php(23): require_once('...')
#37 {main}
"} 
[2026-09-29 09:26:40] local.ERROR: Route [login] not defined. {"exception":"[object] (Symfony\\Component\\Routing\\Exception\\RouteNotFoundException(code: 0): Route [login] not defined. at C:/xampp/htdocs/stage1-question2/vendor/laravel/framework/src/Illuminate/Routing/UrlGenerator.php:517)
[stacktrace]
#0 C:/xampp/htdocs/stage1-question2/vendor/laravel/framework/src/Illuminate/Foundation/helpers.php(853): Illuminate/Routing/UrlGenerator->route()
#1 C:/xampp/htdocs/stage1-question2/vendor/laravel/framework/src/Illuminate/Foundation/Configuration/ApplicationBuilder.php(278): route()
#2 [internal function]: Illuminate/Foundation/Configuration/ApplicationBuilder->{closure:{closure:Illuminate/Foundation/Configuration/ApplicationBuilder::withMiddleware():276}:278}()
#3 C:/xampp/htdocs/stage1-question2/vendor/laravel/framework/src/Illuminate/Auth/Middleware/Authenticate.php(118): call_user_func()
#4 C:/xampp/htdocs/stage1-question2/vendor/laravel/framework/src/Illuminate/Auth/Middleware/Authenticate.php(105): Illuminate/Auth/Middleware/Authenticate->redirectTo()
#5 C:/xampp/htdocs/stage1-question2/vendor/laravel/framework/src/Illuminate/Auth/Middleware/Authenticate.php(88): Illuminate/Auth/Middleware/Authenticate->unauthenticated()
#6 C:/xampp/htdocs/stage1-question2/vendor/laravel/framework/src/Illuminate/Auth/Middleware/Authenticate.php(62): Illuminate/Auth/Middleware/Authenticate->authenticate()
#7 C:/xampp/htdocs/stage1-question2/vendor/laravel/framework/src/Illuminate/Pipeline/Pipeline.php(209): Illuminate/Auth/Middleware/Authenticate->handle()
#8 C:/xampp/htdocs/stage1-question2/vendor/laravel/framework/src/Illuminate/Pipeline/Pipeline.php(127): Illuminate/Pipeline/Pipeline->{closure:{closure:Illuminate/Pipeline/Pipeline::carry():184}:185}()
#9 C:/xampp/htdocs/stage1-question2/vendor/laravel/framework/src/Illuminate/Routing/Router.php(807): Illuminate/Pipeline/Pipeline->then()
#10 C:/xampp/htdocs/stage1-question2/vendor/laravel/framework/src/Illuminate/Routing/Router.php(786): Illuminate/Routing/Router->runRouteWithinStack()
#11 C:/xampp/htdocs/stage1-question2/vendor/laravel/framework/src/Illuminate/Routing/Router.php(750): Illuminate/Routing/Router->runRoute()
#12 C:/xampp/htdocs/stage1-question2/vendor/laravel/framework/src/Illuminate/Routing/Router.php(739): Illuminate/Routing/Router->dispatchToRoute()
#13 C:/xampp/htdocs/stage1-question2/vendor/laravel/framework/src/Illuminate/Foundation/Http/Kernel.php(201): Illuminate/Routing/Router->dispatch()
#14 C:/xampp/htdocs/stage1-question2/vendor/laravel/framework/src/Illuminate/Pipeline/Pipeline.php(170): Illuminate/Foundation/Http/Kernel->{closure:Illuminate/Foundation/Http/Kernel::dispatchToRouter():198}()
#15 C:/xampp/htdocs/stage1-question2/vendor/laravel/framework/src/Illuminate/Foundation/Http/Middleware/TransformsRequest.php(21): Illuminate/Pipeline/Pipeline->{closure:Illuminate/Pipeline/Pipeline::prepareDestination():168}()
#16 C:/xampp/htdocs/stage1-question2/vendor/laravel/framework/src/Illuminate/Foundation/Http/Middleware/ConvertEmptyStringsToNull.php(31): Illuminate/Foundation/Http/Middleware/TransformsRequest->handle()
#17 C:/xampp/htdocs/stage1-question2/vendor/laravel/framework/src/Illuminate/Pipeline/Pipeline.php(209): Illuminate/Foundation/Http/Middleware/ConvertEmptyStringsToNull->handle()
#18 C:/xampp/htdocs/stage1-question2/vendor/laravel/framework/src/Illuminate/Foundation/Http/Middleware/TransformsRequest.php(21): Illuminate/Pipeline/Pipeline->{closure:{closure:Illuminate/Pipeline/Pipeline::carry():184}:185}()
#19 C:/xampp/htdocs/stage1-question2/vendor/laravel/framework/src/Illuminate/Foundation/Http/Middleware/TrimStrings.php(51): Illuminate/Foundation/Http/Middleware/TransformsRequest->handle()
#20 C:/xampp/htdocs/stage1-question2/vendor/laravel/framework/src/Illuminate/Pipeline/Pipeline.php(209): Illuminate/Foundation/Http/Middleware/TrimStrings->handle()
#21 C:/xampp/htdocs/stage1-question2/vendor/laravel/framework/src/Illuminate/Http/Middleware/ValidatePostSize.php(27): Illuminate/Pipeline/Pipeline->{closure:{closure:Illuminate/Pipeline/Pipeline::carry():184}:185}()
#22 C:/xampp/htdocs/stage1-question2/vendor/laravel/framework/src/Illuminate/Pipeline/Pipeline.php(209): Illuminate/Http/Middleware/ValidatePostSize->handle()
#23 C:/xampp/htdocs/stage1-question2/vendor/laravel/framework/src/Illuminate/Foundation/Http/Middleware/PreventRequestsDuringMaintenance.php(110): Illuminate/Pipeline/Pipeline->{closure:{closure:Illuminate/Pipeline/Pipeline::carry():184}:185}()
#24 C:/xampp/htdocs/stage1-question2/vendor/laravel/framework/src/Illuminate/Pipeline/Pipeline.php(209): Illuminate/Foundation/Http/Middleware/PreventRequestsDuringMaintenance->handle()
#25 C:/xampp/htdocs/stage1-question2/vendor/laravel/framework/src/Illuminate/Http/Middleware/HandleCors.php(62): Illuminate/Pipeline/Pipeline->{closure:{closure:Illuminate/Pipeline/Pipeline::carry():184}:185}()
#26 C:/xampp/htdocs/stage1-question2/vendor/laravel/framework/src/Illuminate/Pipeline/Pipeline.php(209): Illuminate/Http/Middleware/HandleCors->handle()
#27 C:/xampp/htdocs/stage1-question2/vendor/laravel/framework/src/Illuminate/Http/Middleware/TrustProxies.php(58): Illuminate/Pipeline/Pipeline->{closure:{closure:Illuminate/Pipeline/Pipeline::carry():184}:185}()
#28 C:/xampp/htdocs/stage1-question2/vendor/laravel/framework/src/Illuminate/Pipeline/Pipeline.php(209): Illuminate/Http/Middleware/TrustProxies->handle()
#29 C:/xampp/htdocs/stage1-question2/vendor/laravel/framework/src/Illuminate/Foundation/Http/Middleware/InvokeDeferredCallbacks.php(22): Illuminate/Pipeline/Pipeline->{closure:{closure:Illuminate/Pipeline/Pipeline::carry():184}:185}()
#30 C:/xampp/htdocs/stage1-question2/vendor/laravel/framework/src/Illuminate/Pipeline/Pipeline.php(209): Illuminate/Foundation/Http/Middleware/InvokeDeferredCallbacks->handle()
#31 C:/xampp/htdocs/stage1-question2/vendor/laravel/framework/src/Illuminate/Pipeline/Pipeline.php(127): Illuminate/Pipeline/Pipeline->{closure:{closure:Illuminate/Pipeline/Pipeline::carry():184}:185}()
#32 C:/xampp/htdocs/stage1-question2/vendor/laravel/framework/src/Illuminate/Foundation/Http/Kernel.php(176): Illuminate/Pipeline/Pipeline->then()
#33 C:/xampp/htdocs/stage1-question2/vendor/laravel/framework/src/Illuminate/Foundation/Http/Kernel.php(145): Illuminate/Foundation/Http/Kernel->sendRequestThroughRouter()
#34 C:/xampp/htdocs/stage1-question2/vendor/laravel/framework/src/Illuminate/Foundation/Application.php(1220): Illuminate/Foundation/Http/Kernel->handle()
#35 C:/xampp/htdocs/stage1-question2/public/index.php(17): Illuminate/Foundation/Application->handleRequest()
#36 C:/xampp/htdocs/stage1-question2/vendor/laravel/framework/src/Illuminate/Foundation/resources/server.php(23): require_once('...')
#37 {main}
"} 
[2026-09-29 09:31:03] local.ERROR: Route [login] not defined. {"exception":"[object] (Symfony\\Component\\Routing\\Exception\\RouteNotFoundException(code: 0): Route [login] not defined. at C:/xampp/htdocs/stage1-question2/vendor/laravel/framework/src/Illuminate/Routing/UrlGenerator.php:517)
[stacktrace]
#0 C:/xampp/htdocs/stage1-question2/vendor/laravel/framework/src/Illuminate/Foundation/helpers.php(853): Illuminate/Routing/UrlGenerator->route()
#1 C:/xampp/htdocs/stage1-question2/vendor/laravel/framework/src/Illuminate/Foundation/Configuration/ApplicationBuilder.php(278): route()
#2 [internal function]: Illuminate/Foundation/Configuration/ApplicationBuilder->{closure:{closure:Illuminate/Foundation/Configuration/ApplicationBuilder::withMiddleware():276}:278}()
#3 C:/xampp/htdocs/stage1-question2/vendor/laravel/framework/src/Illuminate/Auth/Middleware/Authenticate.php(118): call_user_func()
#4 C:/xampp/htdocs/stage1-question2/vendor/laravel/framework/src/Illuminate/Auth/Middleware/Authenticate.php(105): Illuminate/Auth/Middleware/Authenticate->redirectTo()
#5 C:/xampp/htdocs/stage1-question2/vendor/laravel/framework/src/Illuminate/Auth/Middleware/Authenticate.php(88): Illuminate/Auth/Middleware/Authenticate->unauthenticated()
#6 C:/xampp/htdocs/stage1-question2/vendor/laravel/framework/src/Illuminate/Auth/Middleware/Authenticate.php(62): Illuminate/Auth/Middleware/Authenticate->authenticate()
#7 C:/xampp/htdocs/stage1-question2/vendor/laravel/framework/src/Illuminate/Pipeline/Pipeline.php(209): Illuminate/Auth/Middleware/Authenticate->handle()
#8 C:/xampp/htdocs/stage1-question2/vendor/laravel/framework/src/Illuminate/Pipeline/Pipeline.php(127): Illuminate/Pipeline/Pipeline->{closure:{closure:Illuminate/Pipeline/Pipeline::carry():184}:185}()
#9 C:/xampp/htdocs/stage1-question2/vendor/laravel/framework/src/Illuminate/Routing/Router.php(807): Illuminate/Pipeline/Pipeline->then()
#10 C:/xampp/htdocs/stage1-question2/vendor/laravel/framework/src/Illuminate/Routing/Router.php(786): Illuminate/Routing/Router->runRouteWithinStack()
#11 C:/xampp/htdocs/stage1-question2/vendor/laravel/framework/src/Illuminate/Routing/Router.php(750): Illuminate/Routing/Router->runRoute()
#12 C:/xampp/htdocs/stage1-question2/vendor/laravel/framework/src/Illuminate/Routing/Router.php(739): Illuminate/Routing/Router->dispatchToRoute()
#13 C:/xampp/htdocs/stage1-question2/vendor/laravel/framework/src/Illuminate/Foundation/Http/Kernel.php(201): Illuminate/Routing/Router->dispatch()
#14 C:/xampp/htdocs/stage1-question2/vendor/laravel/framework/src/Illuminate/Pipeline/Pipeline.php(170): Illuminate/Foundation/Http/Kernel->{closure:Illuminate/Foundation/Http/Kernel::dispatchToRouter():198}()
#15 C:/xampp/htdocs/stage1-question2/vendor/laravel/framework/src/Illuminate/Foundation/Http/Middleware/TransformsRequest.php(21): Illuminate/Pipeline/Pipeline->{closure:Illuminate/Pipeline/Pipeline::prepareDestination():168}()
#16 C:/xampp/htdocs/stage1-question2/vendor/laravel/framework/src/Illuminate/Foundation/Http/Middleware/ConvertEmptyStringsToNull.php(31): Illuminate/Foundation/Http/Middleware/TransformsRequest->handle()
#17 C:/xampp/htdocs/stage1-question2/vendor/laravel/framework/src/Illuminate/Pipeline/Pipeline.php(209): Illuminate/Foundation/Http/Middleware/ConvertEmptyStringsToNull->handle()
#18 C:/xampp/htdocs/stage1-question2/vendor/laravel/framework/src/Illuminate/Foundation/Http/Middleware/TransformsRequest.php(21): Illuminate/Pipeline/Pipeline->{closure:{closure:Illuminate/Pipeline/Pipeline::carry():184}:185}()
#19 C:/xampp/htdocs/stage1-question2/vendor/laravel/framework/src/Illuminate/Foundation/Http/Middleware/TrimStrings.php(51): Illuminate/Foundation/Http/Middleware/TransformsRequest->handle()
#20 C:/xampp/htdocs/stage1-question2/vendor/laravel/framework/src/Illuminate/Pipeline/Pipeline.php(209): Illuminate/Foundation/Http/Middleware/TrimStrings->handle()
#21 C:/xampp/htdocs/stage1-question2/vendor/laravel/framework/src/Illuminate/Http/Middleware/ValidatePostSize.php(27): Illuminate/Pipeline/Pipeline->{closure:{closure:Illuminate/Pipeline/Pipeline::carry():184}:185}()
#22 C:/xampp/htdocs/stage1-question2/vendor/laravel/framework/src/Illuminate/Pipeline/Pipeline.php(209): Illuminate/Http/Middleware/ValidatePostSize->handle()
#23 C:/xampp/htdocs/stage1-question2/vendor/laravel/framework/src/Illuminate/Foundation/Http/Middleware/PreventRequestsDuringMaintenance.php(110): Illuminate/Pipeline/Pipeline->{closure:{closure:Illuminate/Pipeline/Pipeline::carry():184}:185}()
#24 C:/xampp/htdocs/stage1-question2/vendor/laravel/framework/src/Illuminate/Pipeline/Pipeline.php(209): Illuminate/Foundation/Http/Middleware/PreventRequestsDuringMaintenance->handle()
#25 C:/xampp/htdocs/stage1-question2/vendor/laravel/framework/src/Illuminate/Http/Middleware/HandleCors.php(62): Illuminate/Pipeline/Pipeline->{closure:{closure:Illuminate/Pipeline/Pipeline::carry():184}:185}()
#26 C:/xampp/htdocs/stage1-question2/vendor/laravel/framework/src/Illuminate/Pipeline/Pipeline.php(209): Illuminate/Http/Middleware/HandleCors->handle()
#27 C:/xampp/htdocs/stage1-question2/vendor/laravel/framework/src/Illuminate/Http/Middleware/TrustProxies.php(58): Illuminate/Pipeline/Pipeline->{closure:{closure:Illuminate/Pipeline/Pipeline::carry():184}:185}()
#28 C:/xampp/htdocs/stage1-question2/vendor/laravel/framework/src/Illuminate/Pipeline/Pipeline.php(209): Illuminate/Http/Middleware/TrustProxies->handle()
#29 C:/xampp/htdocs/stage1-question2/vendor/laravel/framework/src/Illuminate/Foundation/Http/Middleware/InvokeDeferredCallbacks.php(22): Illuminate/Pipeline/Pipeline->{closure:{closure:Illuminate/Pipeline/Pipeline::carry():184}:185}()
#30 C:/xampp/htdocs/stage1-question2/vendor/laravel/framework/src/Illuminate/Pipeline/Pipeline.php(209): Illuminate/Foundation/Http/Middleware/InvokeDeferredCallbacks->handle()
#31 C:/xampp/htdocs/stage1-question2/vendor/laravel/framework/src/Illuminate/Pipeline/Pipeline.php(127): Illuminate/Pipeline/Pipeline->{closure:{closure:Illuminate/Pipeline/Pipeline::carry():184}:185}()
#32 C:/xampp/htdocs/stage1-question2/vendor/laravel/framework/src/Illuminate/Foundation/Http/Kernel.php(176): Illuminate/Pipeline/Pipeline->then()
#33 C:/xampp/htdocs/stage1-question2/vendor/laravel/framework/src/Illuminate/Foundation/Http/Kernel.php(145): Illuminate/Foundation/Http/Kernel->sendRequestThroughRouter()
#34 C:/xampp/htdocs/stage1-question2/vendor/laravel/framework/src/Illuminate/Foundation/Application.php(1220): Illuminate/Foundation/Http/Kernel->handle()
#35 C:/xampp/htdocs/stage1-question2/public/index.php(17): Illuminate/Foundation/Application->handleRequest()
#36 C:/xampp/htdocs/stage1-question2/vendor/laravel/framework/src/Illuminate/Foundation/resources/server.php(23): require_once('...')
#37 {main}
"} 
[2026-09-29 09:31:28] local.ERROR: Route [login] not defined. {"exception":"[object] (Symfony\\Component\\Routing\\Exception\\RouteNotFoundException(code: 0): Route [login] not defined. at C:/xampp/htdocs/stage1-question2/vendor/laravel/framework/src/Illuminate/Routing/UrlGenerator.php:517)
[stacktrace]
#0 C:/xampp/htdocs/stage1-question2/vendor/laravel/framework/src/Illuminate/Foundation/helpers.php(853): Illuminate/Routing/UrlGenerator->route()
#1 C:/xampp/htdocs/stage1-question2/vendor/laravel/framework/src/Illuminate/Foundation/Configuration/ApplicationBuilder.php(278): route()
#2 [internal function]: Illuminate/Foundation/Configuration/ApplicationBuilder->{closure:{closure:Illuminate/Foundation/Configuration/ApplicationBuilder::withMiddleware():276}:278}()
#3 C:/xampp/htdocs/stage1-question2/vendor/laravel/framework/src/Illuminate/Auth/Middleware/Authenticate.php(118): call_user_func()
#4 C:/xampp/htdocs/stage1-question2/vendor/laravel/framework/src/Illuminate/Auth/Middleware/Authenticate.php(105): Illuminate/Auth/Middleware/Authenticate->redirectTo()
#5 C:/xampp/htdocs/stage1-question2/vendor/laravel/framework/src/Illuminate/Auth/Middleware/Authenticate.php(88): Illuminate/Auth/Middleware/Authenticate->unauthenticated()
#6 C:/xampp/htdocs/stage1-question2/vendor/laravel/framework/src/Illuminate/Auth/Middleware/Authenticate.php(62): Illuminate/Auth/Middleware/Authenticate->authenticate()
#7 C:/xampp/htdocs/stage1-question2/vendor/laravel/framework/src/Illuminate/Pipeline/Pipeline.php(209): Illuminate/Auth/Middleware/Authenticate->handle()
#8 C:/xampp/htdocs/stage1-question2/vendor/laravel/framework/src/Illuminate/Pipeline/Pipeline.php(127): Illuminate/Pipeline/Pipeline->{closure:{closure:Illuminate/Pipeline/Pipeline::carry():184}:185}()
#9 C:/xampp/htdocs/stage1-question2/vendor/laravel/framework/src/Illuminate/Routing/Router.php(807): Illuminate/Pipeline/Pipeline->then()
#10 C:/xampp/htdocs/stage1-question2/vendor/laravel/framework/src/Illuminate/Routing/Router.php(786): Illuminate/Routing/Router->runRouteWithinStack()
#11 C:/xampp/htdocs/stage1-question2/vendor/laravel/framework/src/Illuminate/Routing/Router.php(750): Illuminate/Routing/Router->runRoute()
#12 C:/xampp/htdocs/stage1-question2/vendor/laravel/framework/src/Illuminate/Routing/Router.php(739): Illuminate/Routing/Router->dispatchToRoute()
#13 C:/xampp/htdocs/stage1-question2/vendor/laravel/framework/src/Illuminate/Foundation/Http/Kernel.php(201): Illuminate/Routing/Router->dispatch()
#14 C:/xampp/htdocs/stage1-question2/vendor/laravel/framework/src/Illuminate/Pipeline/Pipeline.php(170): Illuminate/Foundation/Http/Kernel->{closure:Illuminate/Foundation/Http/Kernel::dispatchToRouter():198}()
#15 C:/xampp/htdocs/stage1-question2/vendor/laravel/framework/src/Illuminate/Foundation/Http/Middleware/TransformsRequest.php(21): Illuminate/Pipeline/Pipeline->{closure:Illuminate/Pipeline/Pipeline::prepareDestination():168}()
#16 C:/xampp/htdocs/stage1-question2/vendor/laravel/framework/src/Illuminate/Foundation/Http/Middleware/ConvertEmptyStringsToNull.php(31): Illuminate/Foundation/Http/Middleware/TransformsRequest->handle()
#17 C:/xampp/htdocs/stage1-question2/vendor/laravel/framework/src/Illuminate/Pipeline/Pipeline.php(209): Illuminate/Foundation/Http/Middleware/ConvertEmptyStringsToNull->handle()
#18 C:/xampp/htdocs/stage1-question2/vendor/laravel/framework/src/Illuminate/Foundation/Http/Middleware/TransformsRequest.php(21): Illuminate/Pipeline/Pipeline->{closure:{closure:Illuminate/Pipeline/Pipeline::carry():184}:185}()
#19 C:/xampp/htdocs/stage1-question2/vendor/laravel/framework/src/Illuminate/Foundation/Http/Middleware/TrimStrings.php(51): Illuminate/Foundation/Http/Middleware/TransformsRequest->handle()
#20 C:/xampp/htdocs/stage1-question2/vendor/laravel/framework/src/Illuminate/Pipeline/Pipeline.php(209): Illuminate/Foundation/Http/Middleware/TrimStrings->handle()
#21 C:/xampp/htdocs/stage1-question2/vendor/laravel/framework/src/Illuminate/Http/Middleware/ValidatePostSize.php(27): Illuminate/Pipeline/Pipeline->{closure:{closure:Illuminate/Pipeline/Pipeline::carry():184}:185}()
#22 C:/xampp/htdocs/stage1-question2/vendor/laravel/framework/src/Illuminate/Pipeline/Pipeline.php(209): Illuminate/Http/Middleware/ValidatePostSize->handle()
#23 C:/xampp/htdocs/stage1-question2/vendor/laravel/framework/src/Illuminate/Foundation/Http/Middleware/PreventRequestsDuringMaintenance.php(110): Illuminate/Pipeline/Pipeline->{closure:{closure:Illuminate/Pipeline/Pipeline::carry():184}:185}()
#24 C:/xampp/htdocs/stage1-question2/vendor/laravel/framework/src/Illuminate/Pipeline/Pipeline.php(209): Illuminate/Foundation/Http/Middleware/PreventRequestsDuringMaintenance->handle()
#25 C:/xampp/htdocs/stage1-question2/vendor/laravel/framework/src/Illuminate/Http/Middleware/HandleCors.php(62): Illuminate/Pipeline/Pipeline->{closure:{closure:Illuminate/Pipeline/Pipeline::carry():184}:185}()
#26 C:/xampp/htdocs/stage1-question2/vendor/laravel/framework/src/Illuminate/Pipeline/Pipeline.php(209): Illuminate/Http/Middleware/HandleCors->handle()
#27 C:/xampp/htdocs/stage1-question2/vendor/laravel/framework/src/Illuminate/Http/Middleware/TrustProxies.php(58): Illuminate/Pipeline/Pipeline->{closure:{closure:Illuminate/Pipeline/Pipeline::carry():184}:185}()
#28 C:/xampp/htdocs/stage1-question2/vendor/laravel/framework/src/Illuminate/Pipeline/Pipeline.php(209): Illuminate/Http/Middleware/TrustProxies->handle()
#29 C:/xampp/htdocs/stage1-question2/vendor/laravel/framework/src/Illuminate/Foundation/Http/Middleware/InvokeDeferredCallbacks.php(22): Illuminate/Pipeline/Pipeline->{closure:{closure:Illuminate/Pipeline/Pipeline::carry():184}:185}()
#30 C:/xampp/htdocs/stage1-question2/vendor/laravel/framework/src/Illuminate/Pipeline/Pipeline.php(209): Illuminate/Foundation/Http/Middleware/InvokeDeferredCallbacks->handle()
#31 C:/xampp/htdocs/stage1-question2/vendor/laravel/framework/src/Illuminate/Pipeline/Pipeline.php(127): Illuminate/Pipeline/Pipeline->{closure:{closure:Illuminate/Pipeline/Pipeline::carry():184}:185}()
#32 C:/xampp/htdocs/stage1-question2/vendor/laravel/framework/src/Illuminate/Foundation/Http/Kernel.php(176): Illuminate/Pipeline/Pipeline->then()
#33 C:/xampp/htdocs/stage1-question2/vendor/laravel/framework/src/Illuminate/Foundation/Http/Kernel.php(145): Illuminate/Foundation/Http/Kernel->sendRequestThroughRouter()
#34 C:/xampp/htdocs/stage1-question2/vendor/laravel/framework/src/Illuminate/Foundation/Application.php(1220): Illuminate/Foundation/Http/Kernel->handle()
#35 C:/xampp/htdocs/stage1-question2/public/index.php(17): Illuminate/Foundation/Application->handleRequest()
#36 C:/xampp/htdocs/stage1-question2/vendor/laravel/framework/src/Illuminate/Foundation/resources/server.php(23): require_once('...')
#37 {main}
"} 
[2026-09-29 09:32:18] testing.ERROR: Route [login] not defined. {"exception":"[object] (Symfony\\Component\\Routing\\Exception\\RouteNotFoundException(code: 0): Route [login] not defined. at C:/xampp/htdocs/stage1-question2/vendor/laravel/framework/src/Illuminate/Routing/UrlGenerator.php:517)
[stacktrace]
#0 C:/xampp/htdocs/stage1-question2/vendor/laravel/framework/src/Illuminate/Foundation/helpers.php(853): Illuminate/Routing/UrlGenerator->route()
#1 C:/xampp/htdocs/stage1-question2/vendor/laravel/framework/src/Illuminate/Foundation/Configuration/ApplicationBuilder.php(278): route()
#2 [internal function]: Illuminate/Foundation/Configuration/ApplicationBuilder->{closure:{closure:Illuminate/Foundation/Configuration/ApplicationBuilder::withMiddleware():276}:278}()
#3 C:/xampp/htdocs/stage1-question2/vendor/laravel/framework/src/Illuminate/Auth/Middleware/Authenticate.php(118): call_user_func()
#4 C:/xampp/htdocs/stage1-question2/vendor/laravel/framework/src/Illuminate/Auth/Middleware/Authenticate.php(105): Illuminate/Auth/Middleware/Authenticate->redirectTo()
#5 C:/xampp/htdocs/stage1-question2/vendor/laravel/framework/src/Illuminate/Auth/Middleware/Authenticate.php(88): Illuminate/Auth/Middleware/Authenticate->unauthenticated()
#6 C:/xampp/htdocs/stage1-question2/vendor/laravel/framework/src/Illuminate/Auth/Middleware/Authenticate.php(62): Illuminate/Auth/Middleware/Authenticate->authenticate()
#7 C:/xampp/htdocs/stage1-question2/vendor/laravel/framework/src/Illuminate/Pipeline/Pipeline.php(209): Illuminate/Auth/Middleware/Authenticate->handle()
#8 C:/xampp/htdocs/stage1-question2/vendor/laravel/framework/src/Illuminate/Pipeline/Pipeline.php(127): Illuminate/Pipeline/Pipeline->{closure:{closure:Illuminate/Pipeline/Pipeline::carry():184}:185}()
#9 C:/xampp/htdocs/stage1-question2/vendor/laravel/framework/src/Illuminate/Routing/Router.php(807): Illuminate/Pipeline/Pipeline->then()
#10 C:/xampp/htdocs/stage1-question2/vendor/laravel/framework/src/Illuminate/Routing/Router.php(786): Illuminate/Routing/Router->runRouteWithinStack()
#11 C:/xampp/htdocs/stage1-question2/vendor/laravel/framework/src/Illuminate/Routing/Router.php(750): Illuminate/Routing/Router->runRoute()
#12 C:/xampp/htdocs/stage1-question2/vendor/laravel/framework/src/Illuminate/Routing/Router.php(739): Illuminate/Routing/Router->dispatchToRoute()
#13 C:/xampp/htdocs/stage1-question2/vendor/laravel/framework/src/Illuminate/Foundation/Http/Kernel.php(201): Illuminate/Routing/Router->dispatch()
#14 C:/xampp/htdocs/stage1-question2/vendor/laravel/framework/src/Illuminate/Pipeline/Pipeline.php(170): Illuminate/Foundation/Http/Kernel->{closure:Illuminate/Foundation/Http/Kernel::dispatchToRouter():198}()
#15 C:/xampp/htdocs/stage1-question2/vendor/laravel/framework/src/Illuminate/Foundation/Http/Middleware/TransformsRequest.php(21): Illuminate/Pipeline/Pipeline->{closure:Illuminate/Pipeline/Pipeline::prepareDestination():168}()
#16 C:/xampp/htdocs/stage1-question2/vendor/laravel/framework/src/Illuminate/Foundation/Http/Middleware/ConvertEmptyStringsToNull.php(31): Illuminate/Foundation/Http/Middleware/TransformsRequest->handle()
#17 C:/xampp/htdocs/stage1-question2/vendor/laravel/framework/src/Illuminate/Pipeline/Pipeline.php(209): Illuminate/Foundation/Http/Middleware/ConvertEmptyStringsToNull->handle()
#18 C:/xampp/htdocs/stage1-question2/vendor/laravel/framework/src/Illuminate/Foundation/Http/Middleware/TransformsRequest.php(21): Illuminate/Pipeline/Pipeline->{closure:{closure:Illuminate/Pipeline/Pipeline::carry():184}:185}()
#19 C:/xampp/htdocs/stage1-question2/vendor/laravel/framework/src/Illuminate/Foundation/Http/Middleware/TrimStrings.php(51): Illuminate/Foundation/Http/Middleware/TransformsRequest->handle()
#20 C:/xampp/htdocs/stage1-question2/vendor/laravel/framework/src/Illuminate/Pipeline/Pipeline.php(209): Illuminate/Foundation/Http/Middleware/TrimStrings->handle()
#21 C:/xampp/htdocs/stage1-question2/vendor/laravel/framework/src/Illuminate/Http/Middleware/ValidatePostSize.php(27): Illuminate/Pipeline/Pipeline->{closure:{closure:Illuminate/Pipeline/Pipeline::carry():184}:185}()
#22 C:/xampp/htdocs/stage1-question2/vendor/laravel/framework/src/Illuminate/Pipeline/Pipeline.php(209): Illuminate/Http/Middleware/ValidatePostSize->handle()
#23 C:/xampp/htdocs/stage1-question2/vendor/laravel/framework/src/Illuminate/Foundation/Http/Middleware/PreventRequestsDuringMaintenance.php(110): Illuminate/Pipeline/Pipeline->{closure:{closure:Illuminate/Pipeline/Pipeline::carry():184}:185}()
#24 C:/xampp/htdocs/stage1-question2/vendor/laravel/framework/src/Illuminate/Pipeline/Pipeline.php(209): Illuminate/Foundation/Http/Middleware/PreventRequestsDuringMaintenance->handle()
#25 C:/xampp/htdocs/stage1-question2/vendor/laravel/framework/src/Illuminate/Http/Middleware/HandleCors.php(62): Illuminate/Pipeline/Pipeline->{closure:{closure:Illuminate/Pipeline/Pipeline::carry():184}:185}()
#26 C:/xampp/htdocs/stage1-question2/vendor/laravel/framework/src/Illuminate/Pipeline/Pipeline.php(209): Illuminate/Http/Middleware/HandleCors->handle()
#27 C:/xampp/htdocs/stage1-question2/vendor/laravel/framework/src/Illuminate/Http/Middleware/TrustProxies.php(58): Illuminate/Pipeline/Pipeline->{closure:{closure:Illuminate/Pipeline/Pipeline::carry():184}:185}()
#28 C:/xampp/htdocs/stage1-question2/vendor/laravel/framework/src/Illuminate/Pipeline/Pipeline.php(209): Illuminate/Http/Middleware/TrustProxies->handle()
#29 C:/xampp/htdocs/stage1-question2/vendor/laravel/framework/src/Illuminate/Foundation/Http/Middleware/InvokeDeferredCallbacks.php(22): Illuminate/Pipeline/Pipeline->{closure:{closure:Illuminate/Pipeline/Pipeline::carry():184}:185}()
#30 C:/xampp/htdocs/stage1-question2/vendor/laravel/framework/src/Illuminate/Pipeline/Pipeline.php(209): Illuminate/Foundation/Http/Middleware/InvokeDeferredCallbacks->handle()
#31 C:/xampp/htdocs/stage1-question2/vendor/laravel/framework/src/Illuminate/Pipeline/Pipeline.php(127): Illuminate/Pipeline/Pipeline->{closure:{closure:Illuminate/Pipeline/Pipeline::carry():184}:185}()
#32 C:/xampp/htdocs/stage1-question2/vendor/laravel/framework/src/Illuminate/Foundation/Http/Kernel.php(176): Illuminate/Pipeline/Pipeline->then()
#33 C:/xampp/htdocs/stage1-question2/vendor/laravel/framework/src/Illuminate/Foundation/Http/Kernel.php(145): Illuminate/Foundation/Http/Kernel->sendRequestThroughRouter()
#34 C:/xampp/htdocs/stage1-question2/vendor/laravel/framework/src/Illuminate/Foundation/Testing/Concerns/MakesHttpRequests.php(607): Illuminate/Foundation/Http/Kernel->handle()
#35 C:/xampp/htdocs/stage1-question2/vendor/laravel/framework/src/Illuminate/Foundation/Testing/Concerns/MakesHttpRequests.php(368): Illuminate/Foundation/Testing/TestCase->call()
#36 C:/xampp/htdocs/stage1-question2/tests/Feature/ProductApiTest.php(19): Illuminate/Foundation/Testing/TestCase->get()
#37 C:/xampp/htdocs/stage1-question2/vendor/phpunit/phpunit/src/Framework/TestCase.php(1548): Tests/Feature/ProductApiTest->test_product_routes_require_authentication()
#38 C:/xampp/htdocs/stage1-question2/vendor/phpunit/phpunit/src/Framework/TestCase.php(686): PHPUnit/Framework/TestCase->runTest()
#39 C:/xampp/htdocs/stage1-question2/vendor/phpunit/phpunit/src/Framework/TestRunner.php(106): PHPUnit/Framework/TestCase->runBare()
#40 C:/xampp/htdocs/stage1-question2/vendor/phpunit/phpunit/src/Framework/TestCase.php(516): PHPUnit/Framework/TestRunner->run()
#41 C:/xampp/htdocs/stage1-question2/vendor/phpunit/phpunit/src/Framework/TestSuite.php(374): PHPUnit/Framework/TestCase->run()
#42 C:/xampp/htdocs/stage1-question2/vendor/phpunit/phpunit/src/Framework/TestSuite.php(374): PHPUnit/Framework/TestSuite->run()
#43 C:/xampp/htdocs/stage1-question2/vendor/phpunit/phpunit/src/Framework/TestSuite.php(374): PHPUnit/Framework/TestSuite->run()
#44 C:/xampp/htdocs/stage1-question2/vendor/phpunit/phpunit/src/TextUI/TestRunner.php(64): PHPUnit/Framework/TestSuite->run()
#45 C:/xampp/htdocs/stage1-question2/vendor/phpunit/phpunit/src/TextUI/Application.php(204): PHPUnit/TextUI/TestRunner->run()
#46 C:/xampp/htdocs/stage1-question2/vendor/phpunit/phpunit/phpunit(104): PHPUnit/TextUI/Application->run()
#47 {main}
"} 
